Date,"Page description","Series code",Count
"Jun 2018",Abstracts,rest,40923
"Jun 2018",Abstracts,jocn,29762
"Jun 2018",Abstracts,neco,21951
"Jun 2018",Abstracts,isec,12852
"Jun 2018",Abstracts,pres,8301
"Jun 2018",Abstracts,leon,6199
"Jun 2018",Abstracts,glep,5506
"Jun 2018",Abstracts,desi,5114
"Jun 2018",Abstracts,daed,4901
"Jun 2018",Abstracts,evco,4417
"Jun 2018",Abstracts,afar,4410
"Jun 2018",Abstracts,coli,4257
"Jun 2018",Abstracts,dram,3711
"Jun 2018",Abstracts,octo,3617
"Jun 2018",Abstracts,edfp,3215
"Jun 2018",Abstracts,jinh,2978
"Jun 2018",Abstracts,jcws,2956
"Jun 2018",Abstracts,comj,2626
"Jun 2018",Abstracts,artl,2392
"Jun 2018",Abstracts,grey,2099
"Jun 2018",Abstracts,ling,2045
"Jun 2018",Abstracts,asep,1857
"Jun 2018",Abstracts,netn,1498
"Jun 2018",Abstracts,pajj,1304
"Jun 2018",Abstracts,posc,1202
"Jun 2018",Abstracts,itgg,1124
"Jun 2018",Abstracts,lmj,1118
"Jun 2018",Abstracts,ajhe,1062
"Jun 2018",Abstracts,tneq,1008
"Jun 2018",Abstracts,artm,802
"Jun 2018",Abstracts,ecal,555
"Jun 2018",Abstracts,adev,240
"Jun 2018",Abstracts,thld,178
"Jun 2018",Abstracts,cpsy,158
"Jun 2018",Abstracts,opmi,92
"Jun 2018",Abstracts,isal,76
"Jun 2018",Abstracts,live,21
"Jun 2018",Abstracts,pam,20
"Jun 2018","Full-text PDF",rest,17224
"Jun 2018","Full-text PDF",neco,11370
"Jun 2018","Full-text PDF",jocn,11043
"Jun 2018","Full-text PDF",isec,9903
"Jun 2018","Full-text PDF",coli,7640
"Jun 2018","Full-text PDF",itgg,6107
"Jun 2018","Full-text PDF",desi,4808
"Jun 2018","Full-text PDF",daed,3448
"Jun 2018","Full-text PDF",afar,3341
"Jun 2018","Full-text PDF",leon,3103
"Jun 2018","Full-text PDF",pres,3043
"Jun 2018","Full-text PDF",octo,2932
"Jun 2018","Full-text PDF",glep,2726
"Jun 2018","Full-text PDF",comj,2251
"Jun 2018","Full-text PDF",grey,1886
"Jun 2018","Full-text PDF",dram,1791
"Jun 2018","Full-text PDF",adev,1775
"Jun 2018","Full-text PDF",jcws,1756
"Jun 2018","Full-text PDF",jinh,1749
"Jun 2018","Full-text PDF",edfp,1653
"Jun 2018","Full-text PDF",netn,1463
"Jun 2018","Full-text PDF",ling,1433
"Jun 2018","Full-text PDF",evco,1291
"Jun 2018","Full-text PDF",artl,1132
"Jun 2018","Full-text PDF",asep,1122
"Jun 2018","Full-text PDF",pajj,972
"Jun 2018","Full-text PDF",posc,883
"Jun 2018","Full-text PDF",tneq,737
"Jun 2018","Full-text PDF",ecal,533
"Jun 2018","Full-text PDF",ajhe,493
"Jun 2018","Full-text PDF",lmj,426
"Jun 2018","Full-text PDF",artm,405
"Jun 2018","Full-text PDF",cpsy,177
"Jun 2018","Full-text PDF",opmi,154
"Jun 2018","Full-text PDF",thld,130
"Jun 2018","Full-text PDF",isal,12
"Jun 2018","Full-text PDF",pam,12
"Jun 2018","Full-text PDF",live,4
"Jun 2018","Full-text HTML",jocn,7114
"Jun 2018","Full-text HTML",neco,3032
"Jun 2018","Full-text HTML",isec,2905
"Jun 2018","Full-text HTML",coli,1972
"Jun 2018","Full-text HTML",netn,1027
"Jun 2018","Full-text HTML",daed,1018
"Jun 2018","Full-text HTML",glep,979
"Jun 2018","Full-text HTML",edfp,934
"Jun 2018","Full-text HTML",ajhe,897
"Jun 2018","Full-text HTML",jinh,756
"Jun 2018","Full-text HTML",jcws,639
"Jun 2018","Full-text HTML",adev,602
"Jun 2018","Full-text HTML",evco,587
"Jun 2018","Full-text HTML",artl,556
"Jun 2018","Full-text HTML",ling,506
"Jun 2018","Full-text HTML",asep,386
"Jun 2018","Full-text HTML",afar,286
"Jun 2018","Full-text HTML",posc,215
"Jun 2018","Full-text HTML",cpsy,174
"Jun 2018","Full-text HTML",opmi,103
"Jun 2018","Full-text HTML",desi,5
"Jun 2018","Full-text HTML",artm,4
"Jun 2018","Full-text HTML",octo,4
"Jun 2018","Full-text HTML",leon,3
"Jun 2018","Full-text HTML",comj,2
"Jun 2018","Full-text HTML",dram,1
"Jun 2018","Full-text HTML",grey,1
"Jun 2018","Full-text HTML",lmj,1
"Jun 2018","Full-text HTML",pajj,1
"Jun 2018","Full-text HTML",pres,1
"Jun 2018","Full-text HTML",rest,1
"Jun 2018","Full-text EPUB",isec,74
"Jun 2018","Full-text EPUB",daed,24
"Jun 2018","Full-text EPUB",afar,7
"Jul 2018",Abstracts,rest,58845
"Jul 2018",Abstracts,jocn,36602
"Jul 2018",Abstracts,neco,28113
"Jul 2018",Abstracts,isec,15415
"Jul 2018",Abstracts,pres,9863
"Jul 2018",Abstracts,glep,7714
"Jul 2018",Abstracts,daed,7557
"Jul 2018",Abstracts,desi,7480
"Jul 2018",Abstracts,leon,7435
"Jul 2018",Abstracts,octo,5709
"Jul 2018",Abstracts,evco,5440
"Jul 2018",Abstracts,coli,5157
"Jul 2018",Abstracts,edfp,4749
"Jul 2018",Abstracts,dram,4325
"Jul 2018",Abstracts,isal,3974
"Jul 2018",Abstracts,jcws,3652
"Jul 2018",Abstracts,ling,3616
"Jul 2018",Abstracts,artl,3434
"Jul 2018",Abstracts,itgg,3332
"Jul 2018",Abstracts,afar,2907
"Jul 2018",Abstracts,jinh,2827
"Jul 2018",Abstracts,comj,2801
"Jul 2018",Abstracts,asep,2517
"Jul 2018",Abstracts,grey,2371
"Jul 2018",Abstracts,netn,2039
"Jul 2018",Abstracts,posc,1530
"Jul 2018",Abstracts,ajhe,1465
"Jul 2018",Abstracts,lmj,1303
"Jul 2018",Abstracts,pajj,1292
"Jul 2018",Abstracts,tneq,1086
"Jul 2018",Abstracts,artm,1003
"Jul 2018",Abstracts,ecal,453
"Jul 2018",Abstracts,cpsy,375
"Jul 2018",Abstracts,adev,246
"Jul 2018",Abstracts,thld,233
"Jul 2018",Abstracts,opmi,121
"Jul 2018",Abstracts,live,39
"Jul 2018",Abstracts,pam,32
"Jul 2018","Full-text PDF",rest,22796
"Jul 2018","Full-text PDF",jocn,13507
"Jul 2018","Full-text PDF",isec,12891
"Jul 2018","Full-text PDF",neco,12805
"Jul 2018","Full-text PDF",itgg,12132
"Jul 2018","Full-text PDF",coli,10591
"Jul 2018","Full-text PDF",desi,7684
"Jul 2018","Full-text PDF",daed,6045
"Jul 2018","Full-text PDF",isal,4712
"Jul 2018","Full-text PDF",octo,4476
"Jul 2018","Full-text PDF",leon,4289
"Jul 2018","Full-text PDF",pres,3869
"Jul 2018","Full-text PDF",glep,3374
"Jul 2018","Full-text PDF",ling,2906
"Jul 2018","Full-text PDF",comj,2905
"Jul 2018","Full-text PDF",adev,2499
"Jul 2018","Full-text PDF",dram,2497
"Jul 2018","Full-text PDF",grey,2203
"Jul 2018","Full-text PDF",edfp,2132
"Jul 2018","Full-text PDF",jcws,2112
"Jul 2018","Full-text PDF",netn,1782
"Jul 2018","Full-text PDF",evco,1673
"Jul 2018","Full-text PDF",afar,1612
"Jul 2018","Full-text PDF",jinh,1531
"Jul 2018","Full-text PDF",asep,1481
"Jul 2018","Full-text PDF",artl,1429
"Jul 2018","Full-text PDF",pajj,1059
"Jul 2018","Full-text PDF",posc,1049
"Jul 2018","Full-text PDF",tneq,914
"Jul 2018","Full-text PDF",artm,845
"Jul 2018","Full-text PDF",lmj,718
"Jul 2018","Full-text PDF",ajhe,617
"Jul 2018","Full-text PDF",ecal,443
"Jul 2018","Full-text PDF",cpsy,262
"Jul 2018","Full-text PDF",thld,246
"Jul 2018","Full-text PDF",opmi,160
"Jul 2018","Full-text PDF",pam,26
"Jul 2018","Full-text PDF",live,17
"Jul 2018","Full-text HTML",jocn,9959
"Jul 2018","Full-text HTML",isec,4377
"Jul 2018","Full-text HTML",neco,4174
"Jul 2018","Full-text HTML",coli,2822
"Jul 2018","Full-text HTML",daed,2333
"Jul 2018","Full-text HTML",edfp,1533
"Jul 2018","Full-text HTML",glep,1354
"Jul 2018","Full-text HTML",ling,1176
"Jul 2018","Full-text HTML",adev,955
"Jul 2018","Full-text HTML",artl,950
"Jul 2018","Full-text HTML",netn,948
"Jul 2018","Full-text HTML",jcws,816
"Jul 2018","Full-text HTML",ajhe,809
"Jul 2018","Full-text HTML",evco,760
"Jul 2018","Full-text HTML",jinh,683
"Jul 2018","Full-text HTML",asep,645
"Jul 2018","Full-text HTML",cpsy,429
"Jul 2018","Full-text HTML",afar,418
"Jul 2018","Full-text HTML",posc,341
"Jul 2018","Full-text HTML",rest,227
"Jul 2018","Full-text HTML",opmi,134
"Jul 2018","Full-text HTML",octo,119
"Jul 2018","Full-text HTML",leon,74
"Jul 2018","Full-text HTML",isal,70
"Jul 2018","Full-text HTML",dram,52
"Jul 2018","Full-text HTML",desi,39
"Jul 2018","Full-text HTML",comj,30
"Jul 2018","Full-text HTML",grey,30
"Jul 2018","Full-text HTML",pres,29
"Jul 2018","Full-text HTML",pajj,19
"Jul 2018","Full-text HTML",tneq,12
"Jul 2018","Full-text HTML",lmj,8
"Jul 2018","Full-text HTML",artm,6
"Jul 2018","Full-text HTML",thld,4
"Jul 2018","Full-text EPUB",isec,58
"Jul 2018","Full-text EPUB",daed,48
"Jul 2018","Full-text EPUB",afar,9
"Aug 2018",Abstracts,rest,60091
"Aug 2018",Abstracts,jocn,38491
"Aug 2018",Abstracts,neco,27533
"Aug 2018",Abstracts,isec,19725
"Aug 2018",Abstracts,leon,12023
"Aug 2018",Abstracts,pres,10822
"Aug 2018",Abstracts,desi,8933
"Aug 2018",Abstracts,glep,8477
"Aug 2018",Abstracts,daed,8313
"Aug 2018",Abstracts,octo,6932
"Aug 2018",Abstracts,evco,5823
"Aug 2018",Abstracts,coli,5538
"Aug 2018",Abstracts,dram,5509
"Aug 2018",Abstracts,jcws,4591
"Aug 2018",Abstracts,edfp,4334
"Aug 2018",Abstracts,jinh,3965
"Aug 2018",Abstracts,afar,3626
"Aug 2018",Abstracts,ling,3563
"Aug 2018",Abstracts,artl,3355
"Aug 2018",Abstracts,grey,3254
"Aug 2018",Abstracts,comj,3026
"Aug 2018",Abstracts,asep,2840
"Aug 2018",Abstracts,ajhe,2801
"Aug 2018",Abstracts,isal,2390
"Aug 2018",Abstracts,itgg,2388
"Aug 2018",Abstracts,posc,2142
"Aug 2018",Abstracts,netn,2115
"Aug 2018",Abstracts,pajj,1960
"Aug 2018",Abstracts,lmj,1525
"Aug 2018",Abstracts,tneq,1458
"Aug 2018",Abstracts,artm,1122
"Aug 2018",Abstracts,ecal,746
"Aug 2018",Abstracts,cpsy,498
"Aug 2018",Abstracts,thld,456
"Aug 2018",Abstracts,tacl,422
"Aug 2018",Abstracts,adev,333
"Aug 2018",Abstracts,opmi,164
"Aug 2018",Abstracts,live,74
"Aug 2018",Abstracts,pam,53
"Aug 2018","Full-text PDF",rest,22708
"Aug 2018","Full-text PDF",isec,15012
"Aug 2018","Full-text PDF",jocn,14333
"Aug 2018","Full-text PDF",neco,12620
"Aug 2018","Full-text PDF",itgg,11911
"Aug 2018","Full-text PDF",coli,10134
"Aug 2018","Full-text PDF",desi,8022
"Aug 2018","Full-text PDF",daed,7455
"Aug 2018","Full-text PDF",leon,5422
"Aug 2018","Full-text PDF",octo,4936
"Aug 2018","Full-text PDF",pres,4110
"Aug 2018","Full-text PDF",glep,3978
"Aug 2018","Full-text PDF",adev,3197
"Aug 2018","Full-text PDF",grey,2812
"Aug 2018","Full-text PDF",isal,2780
"Aug 2018","Full-text PDF",comj,2637
"Aug 2018","Full-text PDF",ling,2609
"Aug 2018","Full-text PDF",dram,2533
"Aug 2018","Full-text PDF",jcws,2415
"Aug 2018","Full-text PDF",edfp,2204
"Aug 2018","Full-text PDF",netn,1817
"Aug 2018","Full-text PDF",jinh,1719
"Aug 2018","Full-text PDF",afar,1672
"Aug 2018","Full-text PDF",evco,1595
"Aug 2018","Full-text PDF",artl,1511
"Aug 2018","Full-text PDF",posc,1343
"Aug 2018","Full-text PDF",asep,1339
"Aug 2018","Full-text PDF",pajj,1278
"Aug 2018","Full-text PDF",tneq,1250
"Aug 2018","Full-text PDF",ajhe,764
"Aug 2018","Full-text PDF",lmj,639
"Aug 2018","Full-text PDF",cpsy,634
"Aug 2018","Full-text PDF",artm,534
"Aug 2018","Full-text PDF",ecal,379
"Aug 2018","Full-text PDF",tacl,370
"Aug 2018","Full-text PDF",opmi,237
"Aug 2018","Full-text PDF",thld,152
"Aug 2018","Full-text PDF",pam,32
"Aug 2018","Full-text PDF",live,24
"Aug 2018","Full-text HTML",jocn,12801
"Aug 2018","Full-text HTML",isec,9490
"Aug 2018","Full-text HTML",neco,5706
"Aug 2018","Full-text HTML",daed,2861
"Aug 2018","Full-text HTML",coli,2635
"Aug 2018","Full-text HTML",edfp,1914
"Aug 2018","Full-text HTML",glep,1809
"Aug 2018","Full-text HTML",netn,1383
"Aug 2018","Full-text HTML",jinh,1365
"Aug 2018","Full-text HTML",adev,1286
"Aug 2018","Full-text HTML",ajhe,1249
"Aug 2018","Full-text HTML",jcws,1154
"Aug 2018","Full-text HTML",ling,1085
"Aug 2018","Full-text HTML",artl,1068
"Aug 2018","Full-text HTML",rest,951
"Aug 2018","Full-text HTML",afar,949
"Aug 2018","Full-text HTML",evco,885
"Aug 2018","Full-text HTML",asep,865
"Aug 2018","Full-text HTML",posc,642
"Aug 2018","Full-text HTML",cpsy,451
"Aug 2018","Full-text HTML",leon,393
"Aug 2018","Full-text HTML",octo,340
"Aug 2018","Full-text HTML",desi,286
"Aug 2018","Full-text HTML",dram,253
"Aug 2018","Full-text HTML",opmi,180
"Aug 2018","Full-text HTML",pres,158
"Aug 2018","Full-text HTML",grey,126
"Aug 2018","Full-text HTML",comj,113
"Aug 2018","Full-text HTML",tneq,72
"Aug 2018","Full-text HTML",pajj,69
"Aug 2018","Full-text HTML",lmj,45
"Aug 2018","Full-text HTML",isal,42
"Aug 2018","Full-text HTML",artm,35
"Aug 2018","Full-text HTML",thld,33
"Aug 2018","Full-text HTML",pam,5
"Aug 2018","Full-text HTML",live,3
"Aug 2018","Full-text EPUB",isec,57
"Aug 2018","Full-text EPUB",daed,49
"Aug 2018","Full-text EPUB",afar,11
"Sep 2018",Abstracts,rest,68698
"Sep 2018",Abstracts,jocn,49769
"Sep 2018",Abstracts,neco,31806
"Sep 2018",Abstracts,isec,23760
"Sep 2018",Abstracts,pres,13498
"Sep 2018",Abstracts,daed,12497
"Sep 2018",Abstracts,desi,12483
"Sep 2018",Abstracts,leon,10632
"Sep 2018",Abstracts,glep,10053
"Sep 2018",Abstracts,octo,7823
"Sep 2018",Abstracts,dram,6827
"Sep 2018",Abstracts,evco,6365
"Sep 2018",Abstracts,jinh,6344
"Sep 2018",Abstracts,coli,6302
"Sep 2018",Abstracts,jcws,6271
"Sep 2018",Abstracts,edfp,5446
"Sep 2018",Abstracts,grey,4793
"Sep 2018",Abstracts,afar,4536
"Sep 2018",Abstracts,opmi,4517
"Sep 2018",Abstracts,ling,4030
"Sep 2018",Abstracts,comj,4017
"Sep 2018",Abstracts,artl,3955
"Sep 2018",Abstracts,asep,3135
"Sep 2018",Abstracts,pajj,2788
"Sep 2018",Abstracts,itgg,2487
"Sep 2018",Abstracts,lmj,2443
"Sep 2018",Abstracts,tneq,2418
"Sep 2018",Abstracts,ajhe,2307
"Sep 2018",Abstracts,netn,2278
"Sep 2018",Abstracts,posc,2191
"Sep 2018",Abstracts,isal,1997
"Sep 2018",Abstracts,artm,945
"Sep 2018",Abstracts,ecal,824
"Sep 2018",Abstracts,adev,557
"Sep 2018",Abstracts,cpsy,492
"Sep 2018",Abstracts,tacl,458
"Sep 2018",Abstracts,thld,303
"Sep 2018",Abstracts,live,83
"Sep 2018",Abstracts,pam,53
"Sep 2018","Full-text PDF",rest,28086
"Sep 2018","Full-text PDF",isec,19384
"Sep 2018","Full-text PDF",jocn,16322
"Sep 2018","Full-text PDF",neco,13698
"Sep 2018","Full-text PDF",itgg,13222
"Sep 2018","Full-text PDF",coli,12018
"Sep 2018","Full-text PDF",desi,10702
"Sep 2018","Full-text PDF",daed,9053
"Sep 2018","Full-text PDF",leon,6144
"Sep 2018","Full-text PDF",octo,5812
"Sep 2018","Full-text PDF",pres,5007
"Sep 2018","Full-text PDF",glep,4935
"Sep 2018","Full-text PDF",adev,4147
"Sep 2018","Full-text PDF",comj,3837
"Sep 2018","Full-text PDF",grey,3768
"Sep 2018","Full-text PDF",dram,3503
"Sep 2018","Full-text PDF",jcws,3347
"Sep 2018","Full-text PDF",edfp,3128
"Sep 2018","Full-text PDF",ling,2972
"Sep 2018","Full-text PDF",jinh,2750
"Sep 2018","Full-text PDF",isal,2522
"Sep 2018","Full-text PDF",pajj,2384
"Sep 2018","Full-text PDF",afar,2327
"Sep 2018","Full-text PDF",netn,2156
"Sep 2018","Full-text PDF",tneq,2041
"Sep 2018","Full-text PDF",evco,1844
"Sep 2018","Full-text PDF",asep,1754
"Sep 2018","Full-text PDF",posc,1685
"Sep 2018","Full-text PDF",artl,1679
"Sep 2018","Full-text PDF",opmi,1593
"Sep 2018","Full-text PDF",ajhe,1129
"Sep 2018","Full-text PDF",lmj,999
"Sep 2018","Full-text PDF",tacl,564
"Sep 2018","Full-text PDF",artm,548
"Sep 2018","Full-text PDF",ecal,416
"Sep 2018","Full-text PDF",cpsy,349
"Sep 2018","Full-text PDF",thld,252
"Sep 2018","Full-text PDF",pam,51
"Sep 2018","Full-text PDF",live,21
"Sep 2018","Full-text HTML",jocn,13839
"Sep 2018","Full-text HTML",isec,7745
"Sep 2018","Full-text HTML",neco,6052
"Sep 2018","Full-text HTML",daed,3855
"Sep 2018","Full-text HTML",coli,3556
"Sep 2018","Full-text HTML",edfp,2407
"Sep 2018","Full-text HTML",glep,2178
"Sep 2018","Full-text HTML",ajhe,1985
"Sep 2018","Full-text HTML",jinh,1794
"Sep 2018","Full-text HTML",adev,1733
"Sep 2018","Full-text HTML",jcws,1505
"Sep 2018","Full-text HTML",netn,1364
"Sep 2018","Full-text HTML",rest,1307
"Sep 2018","Full-text HTML",ling,1199
"Sep 2018","Full-text HTML",evco,1077
"Sep 2018","Full-text HTML",artl,1040
"Sep 2018","Full-text HTML",asep,904
"Sep 2018","Full-text HTML",afar,853
"Sep 2018","Full-text HTML",opmi,504
"Sep 2018","Full-text HTML",posc,503
"Sep 2018","Full-text HTML",desi,442
"Sep 2018","Full-text HTML",octo,402
"Sep 2018","Full-text HTML",leon,356
"Sep 2018","Full-text HTML",dram,316
"Sep 2018","Full-text HTML",cpsy,298
"Sep 2018","Full-text HTML",grey,225
"Sep 2018","Full-text HTML",pres,191
"Sep 2018","Full-text HTML",comj,185
"Sep 2018","Full-text HTML",pajj,80
"Sep 2018","Full-text HTML",tneq,67
"Sep 2018","Full-text HTML",lmj,66
"Sep 2018","Full-text HTML",thld,16
"Sep 2018","Full-text HTML",artm,15
"Sep 2018","Full-text HTML",isal,14
"Sep 2018","Full-text HTML",live,5
"Sep 2018","Full-text HTML",pam,3
"Sep 2018","Full-text EPUB",daed,115
"Sep 2018","Full-text EPUB",isec,114
"Sep 2018","Full-text EPUB",afar,38
"Oct 2018",Abstracts,rest,94060
"Oct 2018",Abstracts,jocn,53591
"Oct 2018",Abstracts,neco,36928
"Oct 2018",Abstracts,isec,35584
"Oct 2018",Abstracts,leon,17283
"Oct 2018",Abstracts,pres,16853
"Oct 2018",Abstracts,daed,15658
"Oct 2018",Abstracts,glep,14089
"Oct 2018",Abstracts,desi,14069
"Oct 2018",Abstracts,octo,9546
"Oct 2018",Abstracts,edfp,8055
"Oct 2018",Abstracts,dram,8042
"Oct 2018",Abstracts,jcws,7896
"Oct 2018",Abstracts,evco,7215
"Oct 2018",Abstracts,coli,6695
"Oct 2018",Abstracts,jinh,6485
"Oct 2018",Abstracts,afar,5411
"Oct 2018",Abstracts,grey,5301
"Oct 2018",Abstracts,comj,5227
"Oct 2018",Abstracts,ling,5093
"Oct 2018",Abstracts,artl,4728
"Oct 2018",Abstracts,asep,4131
"Oct 2018",Abstracts,lmj,3020
"Oct 2018",Abstracts,itgg,2796
"Oct 2018",Abstracts,netn,2642
"Oct 2018",Abstracts,tneq,2617
"Oct 2018",Abstracts,pajj,2615
"Oct 2018",Abstracts,posc,2574
"Oct 2018",Abstracts,ajhe,2216
"Oct 2018",Abstracts,isal,1899
"Oct 2018",Abstracts,artm,1297
"Oct 2018",Abstracts,ecal,661
"Oct 2018",Abstracts,opmi,527
"Oct 2018",Abstracts,tacl,512
"Oct 2018",Abstracts,cpsy,453
"Oct 2018",Abstracts,adev,407
"Oct 2018",Abstracts,thld,310
"Oct 2018",Abstracts,pam,67
"Oct 2018",Abstracts,live,43
"Oct 2018","Full-text PDF",rest,36483
"Oct 2018","Full-text PDF",isec,28306
"Oct 2018","Full-text PDF",jocn,19260
"Oct 2018","Full-text PDF",neco,17539
"Oct 2018","Full-text PDF",itgg,13777
"Oct 2018","Full-text PDF",coli,11798
"Oct 2018","Full-text PDF",desi,11623
"Oct 2018","Full-text PDF",daed,11003
"Oct 2018","Full-text PDF",leon,7897
"Oct 2018","Full-text PDF",octo,7757
"Oct 2018","Full-text PDF",glep,6713
"Oct 2018","Full-text PDF",pres,5996
"Oct 2018","Full-text PDF",comj,4679
"Oct 2018","Full-text PDF",grey,4426
"Oct 2018","Full-text PDF",dram,4406
"Oct 2018","Full-text PDF",jcws,4149
"Oct 2018","Full-text PDF",adev,4086
"Oct 2018","Full-text PDF",edfp,4039
"Oct 2018","Full-text PDF",ling,3887
"Oct 2018","Full-text PDF",jinh,3362
"Oct 2018","Full-text PDF",isal,2475
"Oct 2018","Full-text PDF",afar,2397
"Oct 2018","Full-text PDF",evco,2394
"Oct 2018","Full-text PDF",pajj,2315
"Oct 2018","Full-text PDF",tneq,2301
"Oct 2018","Full-text PDF",netn,2167
"Oct 2018","Full-text PDF",asep,2071
"Oct 2018","Full-text PDF",posc,1970
"Oct 2018","Full-text PDF",artl,1789
"Oct 2018","Full-text PDF",lmj,1054
"Oct 2018","Full-text PDF",ajhe,981
"Oct 2018","Full-text PDF",artm,723
"Oct 2018","Full-text PDF",tacl,647
"Oct 2018","Full-text PDF",cpsy,459
"Oct 2018","Full-text PDF",opmi,441
"Oct 2018","Full-text PDF",ecal,362
"Oct 2018","Full-text PDF",thld,225
"Oct 2018","Full-text PDF",pam,51
"Oct 2018","Full-text PDF",live,17
"Oct 2018","Full-text HTML",jocn,16540
"Oct 2018","Full-text HTML",isec,9528
"Oct 2018","Full-text HTML",neco,6905
"Oct 2018","Full-text HTML",daed,5211
"Oct 2018","Full-text HTML",edfp,4388
"Oct 2018","Full-text HTML",coli,3630
"Oct 2018","Full-text HTML",glep,2877
"Oct 2018","Full-text HTML",jcws,2264
"Oct 2018","Full-text HTML",rest,1993
"Oct 2018","Full-text HTML",ling,1875
"Oct 2018","Full-text HTML",ajhe,1799
"Oct 2018","Full-text HTML",adev,1768
"Oct 2018","Full-text HTML",artl,1617
"Oct 2018","Full-text HTML",jinh,1534
"Oct 2018","Full-text HTML",asep,1405
"Oct 2018","Full-text HTML",afar,1372
"Oct 2018","Full-text HTML",netn,1346
"Oct 2018","Full-text HTML",evco,1101
"Oct 2018","Full-text HTML",posc,677
"Oct 2018","Full-text HTML",leon,630
"Oct 2018","Full-text HTML",cpsy,598
"Oct 2018","Full-text HTML",desi,480
"Oct 2018","Full-text HTML",octo,432
"Oct 2018","Full-text HTML",dram,361
"Oct 2018","Full-text HTML",grey,296
"Oct 2018","Full-text HTML",opmi,296
"Oct 2018","Full-text HTML",pres,246
"Oct 2018","Full-text HTML",comj,192
"Oct 2018","Full-text HTML",pajj,65
"Oct 2018","Full-text HTML",lmj,62
"Oct 2018","Full-text HTML",tneq,59
"Oct 2018","Full-text HTML",artm,38
"Oct 2018","Full-text HTML",isal,17
"Oct 2018","Full-text HTML",thld,16
"Oct 2018","Full-text HTML",pam,7
"Oct 2018","Full-text HTML",itgg,3
"Oct 2018","Full-text HTML",live,1
"Oct 2018","Full-text EPUB",isec,103
"Oct 2018","Full-text EPUB",daed,75
"Oct 2018","Full-text EPUB",afar,22
"Nov 2018",Abstracts,rest,87080
"Nov 2018",Abstracts,jocn,53044
"Nov 2018",Abstracts,isec,47053
"Nov 2018",Abstracts,neco,36009
"Nov 2018",Abstracts,pres,17613
"Nov 2018",Abstracts,daed,15914
"Nov 2018",Abstracts,glep,15767
"Nov 2018",Abstracts,desi,13764
"Nov 2018",Abstracts,leon,12716
"Nov 2018",Abstracts,posc,9977
"Nov 2018",Abstracts,dram,9598
"Nov 2018",Abstracts,jcws,9284
"Nov 2018",Abstracts,coli,9229
"Nov 2018",Abstracts,octo,9083
"Nov 2018",Abstracts,jinh,8720
"Nov 2018",Abstracts,edfp,7910
"Nov 2018",Abstracts,evco,7123
"Nov 2018",Abstracts,grey,6345
"Nov 2018",Abstracts,ling,5768
"Nov 2018",Abstracts,artl,5760
"Nov 2018",Abstracts,afar,5541
"Nov 2018",Abstracts,comj,5433
"Nov 2018",Abstracts,asep,4780
"Nov 2018",Abstracts,itgg,2990
"Nov 2018",Abstracts,artm,2932
"Nov 2018",Abstracts,pajj,2678
"Nov 2018",Abstracts,tneq,2638
"Nov 2018",Abstracts,lmj,2625
"Nov 2018",Abstracts,isal,2515
"Nov 2018",Abstracts,netn,2182
"Nov 2018",Abstracts,ajhe,1977
"Nov 2018",Abstracts,thld,1344
"Nov 2018",Abstracts,cpsy,822
"Nov 2018",Abstracts,ecal,705
"Nov 2018",Abstracts,opmi,548
"Nov 2018",Abstracts,tacl,474
"Nov 2018",Abstracts,adev,439
"Nov 2018",Abstracts,pam,98
"Nov 2018",Abstracts,live,49
"Nov 2018","Full-text PDF",rest,39544
"Nov 2018","Full-text PDF",isec,34756
"Nov 2018","Full-text PDF",jocn,20768
"Nov 2018","Full-text PDF",neco,16923
"Nov 2018","Full-text PDF",itgg,13354
"Nov 2018","Full-text PDF",coli,12176
"Nov 2018","Full-text PDF",daed,12158
"Nov 2018","Full-text PDF",desi,11010
"Nov 2018","Full-text PDF",octo,7529
"Nov 2018","Full-text PDF",glep,7376
"Nov 2018","Full-text PDF",leon,6379
"Nov 2018","Full-text PDF",pres,6183
"Nov 2018","Full-text PDF",dram,5096
"Nov 2018","Full-text PDF",grey,4963
"Nov 2018","Full-text PDF",jcws,4805
"Nov 2018","Full-text PDF",comj,4371
"Nov 2018","Full-text PDF",ling,4181
"Nov 2018","Full-text PDF",adev,4016
"Nov 2018","Full-text PDF",edfp,3850
"Nov 2018","Full-text PDF",jinh,3757
"Nov 2018","Full-text PDF",posc,3456
"Nov 2018","Full-text PDF",evco,2574
"Nov 2018","Full-text PDF",isal,2559
"Nov 2018","Full-text PDF",asep,2533
"Nov 2018","Full-text PDF",afar,2424
"Nov 2018","Full-text PDF",tneq,2200
"Nov 2018","Full-text PDF",pajj,2184
"Nov 2018","Full-text PDF",netn,2062
"Nov 2018","Full-text PDF",artl,2001
"Nov 2018","Full-text PDF",lmj,1340
"Nov 2018","Full-text PDF",artm,1243
"Nov 2018","Full-text PDF",ajhe,940
"Nov 2018","Full-text PDF",tacl,842
"Nov 2018","Full-text PDF",opmi,613
"Nov 2018","Full-text PDF",thld,605
"Nov 2018","Full-text PDF",cpsy,577
"Nov 2018","Full-text PDF",ecal,367
"Nov 2018","Full-text PDF",pam,79
"Nov 2018","Full-text PDF",live,22
"Nov 2018","Full-text HTML",jocn,22073
"Nov 2018","Full-text HTML",isec,15907
"Nov 2018","Full-text HTML",neco,9022
"Nov 2018","Full-text HTML",daed,5819
"Nov 2018","Full-text HTML",coli,4016
"Nov 2018","Full-text HTML",glep,3539
"Nov 2018","Full-text HTML",edfp,3463
"Nov 2018","Full-text HTML",posc,3121
"Nov 2018","Full-text HTML",artl,2714
"Nov 2018","Full-text HTML",jinh,2459
"Nov 2018","Full-text HTML",rest,2179
"Nov 2018","Full-text HTML",jcws,2149
"Nov 2018","Full-text HTML",ling,1909
"Nov 2018","Full-text HTML",asep,1791
"Nov 2018","Full-text HTML",afar,1623
"Nov 2018","Full-text HTML",adev,1613
"Nov 2018","Full-text HTML",evco,1407
"Nov 2018","Full-text HTML",netn,1335
"Nov 2018","Full-text HTML",ajhe,1121
"Nov 2018","Full-text HTML",opmi,974
"Nov 2018","Full-text HTML",thld,861
"Nov 2018","Full-text HTML",cpsy,624
"Nov 2018","Full-text HTML",leon,539
"Nov 2018","Full-text HTML",dram,536
"Nov 2018","Full-text HTML",octo,394
"Nov 2018","Full-text HTML",desi,316
"Nov 2018","Full-text HTML",comj,302
"Nov 2018","Full-text HTML",pres,277
"Nov 2018","Full-text HTML",grey,194
"Nov 2018","Full-text HTML",artm,185
"Nov 2018","Full-text HTML",lmj,99
"Nov 2018","Full-text HTML",pajj,90
"Nov 2018","Full-text HTML",tneq,53
"Nov 2018","Full-text HTML",isal,11
"Nov 2018","Full-text HTML",pam,6
"Nov 2018","Full-text HTML",tacl,2
"Nov 2018","Full-text HTML",ecal,1
"Nov 2018","Full-text EPUB",isec,268
"Nov 2018","Full-text EPUB",daed,155
"Nov 2018","Full-text EPUB",afar,28
"Dec 2018",Abstracts,rest,101190
"Dec 2018",Abstracts,jocn,42781
"Dec 2018",Abstracts,neco,30960
"Dec 2018",Abstracts,isec,29556
"Dec 2018",Abstracts,pres,13835
"Dec 2018",Abstracts,daed,11516
"Dec 2018",Abstracts,glep,11163
"Dec 2018",Abstracts,leon,11110
"Dec 2018",Abstracts,desi,9139
"Dec 2018",Abstracts,jinh,7884
"Dec 2018",Abstracts,octo,7247
"Dec 2018",Abstracts,dram,7244
"Dec 2018",Abstracts,jcws,7200
"Dec 2018",Abstracts,coli,7069
"Dec 2018",Abstracts,evco,6599
"Dec 2018",Abstracts,edfp,5427
"Dec 2018",Abstracts,ling,5174
"Dec 2018",Abstracts,artl,4616
"Dec 2018",Abstracts,grey,4481
"Dec 2018",Abstracts,afar,4395
"Dec 2018",Abstracts,comj,3937
"Dec 2018",Abstracts,asep,3352
"Dec 2018",Abstracts,posc,3276
"Dec 2018",Abstracts,lmj,3049
"Dec 2018",Abstracts,tneq,3003
"Dec 2018",Abstracts,itgg,2748
"Dec 2018",Abstracts,pajj,2394
"Dec 2018",Abstracts,ajhe,1906
"Dec 2018",Abstracts,isal,1736
"Dec 2018",Abstracts,netn,1682
"Dec 2018",Abstracts,tacl,1297
"Dec 2018",Abstracts,artm,1195
"Dec 2018",Abstracts,cpsy,805
"Dec 2018",Abstracts,ecal,467
"Dec 2018",Abstracts,thld,439
"Dec 2018",Abstracts,adev,406
"Dec 2018",Abstracts,opmi,274
"Dec 2018",Abstracts,live,78
"Dec 2018",Abstracts,pam,55
"Dec 2018",Abstracts,pvar,45
"Dec 2018","Full-text PDF",rest,28397
"Dec 2018","Full-text PDF",isec,23766
"Dec 2018","Full-text PDF",jocn,16554
"Dec 2018","Full-text PDF",neco,14155
"Dec 2018","Full-text PDF",itgg,9655
"Dec 2018","Full-text PDF",coli,9594
"Dec 2018","Full-text PDF",desi,8940
"Dec 2018","Full-text PDF",daed,8453
"Dec 2018","Full-text PDF",octo,6488
"Dec 2018","Full-text PDF",glep,5862
"Dec 2018","Full-text PDF",leon,5793
"Dec 2018","Full-text PDF",pres,5368
"Dec 2018","Full-text PDF",jcws,4119
"Dec 2018","Full-text PDF",dram,4004
"Dec 2018","Full-text PDF",grey,3676
"Dec 2018","Full-text PDF",comj,3657
"Dec 2018","Full-text PDF",jinh,3528
"Dec 2018","Full-text PDF",ling,3496
"Dec 2018","Full-text PDF",edfp,2990
"Dec 2018","Full-text PDF",adev,2666
"Dec 2018","Full-text PDF",evco,2408
"Dec 2018","Full-text PDF",tneq,2095
"Dec 2018","Full-text PDF",afar,2074
"Dec 2018","Full-text PDF",posc,2052
"Dec 2018","Full-text PDF",artl,2005
"Dec 2018","Full-text PDF",asep,2004
"Dec 2018","Full-text PDF",isal,1996
"Dec 2018","Full-text PDF",pajj,1974
"Dec 2018","Full-text PDF",netn,1620
"Dec 2018","Full-text PDF",lmj,1470
"Dec 2018","Full-text PDF",tacl,911
"Dec 2018","Full-text PDF",ajhe,908
"Dec 2018","Full-text PDF",artm,780
"Dec 2018","Full-text PDF",cpsy,554
"Dec 2018","Full-text PDF",thld,416
"Dec 2018","Full-text PDF",opmi,269
"Dec 2018","Full-text PDF",ecal,201
"Dec 2018","Full-text PDF",live,55
"Dec 2018","Full-text PDF",pam,34
"Dec 2018","Full-text PDF",pvar,15
"Dec 2018","Full-text HTML",jocn,18555
"Dec 2018","Full-text HTML",isec,8935
"Dec 2018","Full-text HTML",neco,7829
"Dec 2018","Full-text HTML",daed,3978
"Dec 2018","Full-text HTML",coli,3689
"Dec 2018","Full-text HTML",jinh,3000
"Dec 2018","Full-text HTML",glep,2499
"Dec 2018","Full-text HTML",edfp,2480
"Dec 2018","Full-text HTML",artl,2229
"Dec 2018","Full-text HTML",ling,1782
"Dec 2018","Full-text HTML",jcws,1762
"Dec 2018","Full-text HTML",evco,1659
"Dec 2018","Full-text HTML",rest,1521
"Dec 2018","Full-text HTML",adev,1228
"Dec 2018","Full-text HTML",ajhe,1194
"Dec 2018","Full-text HTML",asep,1054
"Dec 2018","Full-text HTML",posc,941
"Dec 2018","Full-text HTML",netn,934
"Dec 2018","Full-text HTML",afar,843
"Dec 2018","Full-text HTML",leon,423
"Dec 2018","Full-text HTML",cpsy,344
"Dec 2018","Full-text HTML",dram,321
"Dec 2018","Full-text HTML",octo,270
"Dec 2018","Full-text HTML",opmi,230
"Dec 2018","Full-text HTML",grey,215
"Dec 2018","Full-text HTML",desi,204
"Dec 2018","Full-text HTML",pres,202
"Dec 2018","Full-text HTML",comj,193
"Dec 2018","Full-text HTML",lmj,141
"Dec 2018","Full-text HTML",tneq,123
"Dec 2018","Full-text HTML",pajj,47
"Dec 2018","Full-text HTML",tacl,40
"Dec 2018","Full-text HTML",artm,34
"Dec 2018","Full-text HTML",itgg,23
"Dec 2018","Full-text HTML",isal,6
"Dec 2018","Full-text HTML",thld,6
"Dec 2018","Full-text HTML",pam,3
"Dec 2018","Full-text HTML",live,1
"Dec 2018","Full-text EPUB",isec,154
"Dec 2018","Full-text EPUB",daed,82
"Dec 2018","Full-text EPUB",afar,10
"Jan 2019",Abstracts,rest,63004
"Jan 2019",Abstracts,jocn,45228
"Jan 2019",Abstracts,neco,33443
"Jan 2019",Abstracts,isec,26089
"Jan 2019",Abstracts,pvar,14472
"Jan 2019",Abstracts,leon,14349
"Jan 2019",Abstracts,daed,12104
"Jan 2019",Abstracts,desi,12021
"Jan 2019",Abstracts,glep,11759
"Jan 2019",Abstracts,jinh,8863
"Jan 2019",Abstracts,afar,8800
"Jan 2019",Abstracts,jcws,8752
"Jan 2019",Abstracts,dram,8540
"Jan 2019",Abstracts,octo,8093
"Jan 2019",Abstracts,coli,6852
"Jan 2019",Abstracts,evco,6389
"Jan 2019",Abstracts,edfp,5949
"Jan 2019",Abstracts,comj,5448
"Jan 2019",Abstracts,ling,5386
"Jan 2019",Abstracts,grey,5331
"Jan 2019",Abstracts,artl,4910
"Jan 2019",Abstracts,itgg,4449
"Jan 2019",Abstracts,posc,3686
"Jan 2019",Abstracts,asep,3636
"Jan 2019",Abstracts,pajj,3004
"Jan 2019",Abstracts,lmj,2998
"Jan 2019",Abstracts,tneq,2914
"Jan 2019",Abstracts,isal,2555
"Jan 2019",Abstracts,tacl,2277
"Jan 2019",Abstracts,ajhe,2219
"Jan 2019",Abstracts,netn,1434
"Jan 2019",Abstracts,artm,1300
"Jan 2019",Abstracts,thld,1191
"Jan 2019",Abstracts,pres,791
"Jan 2019",Abstracts,ecal,562
"Jan 2019",Abstracts,cpsy,476
"Jan 2019",Abstracts,adev,348
"Jan 2019",Abstracts,opmi,199
"Jan 2019",Abstracts,live,105
"Jan 2019",Abstracts,pam,68
"Jan 2019","Full-text PDF",rest,31083
"Jan 2019","Full-text PDF",isec,22434
"Jan 2019","Full-text PDF",jocn,18443
"Jan 2019","Full-text PDF",neco,16199
"Jan 2019","Full-text PDF",itgg,10782
"Jan 2019","Full-text PDF",daed,10703
"Jan 2019","Full-text PDF",desi,10301
"Jan 2019","Full-text PDF",coli,9950
"Jan 2019","Full-text PDF",octo,6805
"Jan 2019","Full-text PDF",leon,6355
"Jan 2019","Full-text PDF",glep,6177
"Jan 2019","Full-text PDF",pvar,6168
"Jan 2019","Full-text PDF",jcws,4333
"Jan 2019","Full-text PDF",comj,4316
"Jan 2019","Full-text PDF",dram,3985
"Jan 2019","Full-text PDF",grey,3927
"Jan 2019","Full-text PDF",ling,3469
"Jan 2019","Full-text PDF",jinh,3458
"Jan 2019","Full-text PDF",edfp,3340
"Jan 2019","Full-text PDF",pajj,3002
"Jan 2019","Full-text PDF",afar,2653
"Jan 2019","Full-text PDF",adev,2614
"Jan 2019","Full-text PDF",posc,2528
"Jan 2019","Full-text PDF",evco,2424
"Jan 2019","Full-text PDF",isal,2155
"Jan 2019","Full-text PDF",artl,2131
"Jan 2019","Full-text PDF",tneq,2084
"Jan 2019","Full-text PDF",tacl,2050
"Jan 2019","Full-text PDF",netn,1793
"Jan 2019","Full-text PDF",asep,1474
"Jan 2019","Full-text PDF",lmj,1112
"Jan 2019","Full-text PDF",ajhe,994
"Jan 2019","Full-text PDF",artm,859
"Jan 2019","Full-text PDF",thld,843
"Jan 2019","Full-text PDF",cpsy,537
"Jan 2019","Full-text PDF",ecal,323
"Jan 2019","Full-text PDF",opmi,307
"Jan 2019","Full-text PDF",live,39
"Jan 2019","Full-text PDF",pam,30
"Jan 2019","Full-text HTML",jocn,22614
"Jan 2019","Full-text HTML",neco,10678
"Jan 2019","Full-text HTML",daed,9655
"Jan 2019","Full-text HTML",isec,9315
"Jan 2019","Full-text HTML",coli,4871
"Jan 2019","Full-text HTML",edfp,3820
"Jan 2019","Full-text HTML",glep,3199
"Jan 2019","Full-text HTML",ling,2268
"Jan 2019","Full-text HTML",jcws,2062
"Jan 2019","Full-text HTML",jinh,1969
"Jan 2019","Full-text HTML",artl,1768
"Jan 2019","Full-text HTML",netn,1738
"Jan 2019","Full-text HTML",adev,1703
"Jan 2019","Full-text HTML",evco,1633
"Jan 2019","Full-text HTML",asep,1407
"Jan 2019","Full-text HTML",rest,1369
"Jan 2019","Full-text HTML",ajhe,1337
"Jan 2019","Full-text HTML",afar,1216
"Jan 2019","Full-text HTML",posc,1123
"Jan 2019","Full-text HTML",cpsy,1057
"Jan 2019","Full-text HTML",leon,485
"Jan 2019","Full-text HTML",opmi,390
"Jan 2019","Full-text HTML",desi,332
"Jan 2019","Full-text HTML",octo,308
"Jan 2019","Full-text HTML",dram,306
"Jan 2019","Full-text HTML",grey,204
"Jan 2019","Full-text HTML",pvar,178
"Jan 2019","Full-text HTML",comj,118
"Jan 2019","Full-text HTML",lmj,103
"Jan 2019","Full-text HTML",tneq,97
"Jan 2019","Full-text HTML",pajj,68
"Jan 2019","Full-text HTML",thld,38
"Jan 2019","Full-text HTML",pres,36
"Jan 2019","Full-text HTML",artm,30
"Jan 2019","Full-text HTML",isal,10
"Jan 2019","Full-text HTML",itgg,3
"Jan 2019","Full-text HTML",live,2
"Jan 2019","Full-text HTML",dint,1
"Jan 2019","Full-text HTML",ecal,1
"Jan 2019","Full-text HTML",pam,1
"Jan 2019","Full-text EPUB",daed,233
"Jan 2019","Full-text EPUB",isec,120
"Jan 2019","Full-text EPUB",afar,24
"Feb 2019",Abstracts,rest,64730
"Feb 2019",Abstracts,jocn,39477
"Feb 2019",Abstracts,isec,30071
"Feb 2019",Abstracts,neco,27179
"Feb 2019",Abstracts,leon,13336
"Feb 2019",Abstracts,pvar,12716
"Feb 2019",Abstracts,glep,12188
"Feb 2019",Abstracts,desi,11561
"Feb 2019",Abstracts,daed,10531
"Feb 2019",Abstracts,jcws,7888
"Feb 2019",Abstracts,octo,7310
"Feb 2019",Abstracts,dram,7227
"Feb 2019",Abstracts,jinh,6154
"Feb 2019",Abstracts,edfp,5480
"Feb 2019",Abstracts,evco,4644
"Feb 2019",Abstracts,coli,4613
"Feb 2019",Abstracts,afar,4402
"Feb 2019",Abstracts,ling,4260
"Feb 2019",Abstracts,artl,4259
"Feb 2019",Abstracts,grey,4117
"Feb 2019",Abstracts,comj,3928
"Feb 2019",Abstracts,itgg,3311
"Feb 2019",Abstracts,asep,2653
"Feb 2019",Abstracts,tacl,2513
"Feb 2019",Abstracts,posc,2504
"Feb 2019",Abstracts,ajhe,2336
"Feb 2019",Abstracts,pajj,2268
"Feb 2019",Abstracts,tneq,1994
"Feb 2019",Abstracts,isal,1824
"Feb 2019",Abstracts,lmj,1720
"Feb 2019",Abstracts,thld,1563
"Feb 2019",Abstracts,artm,1074
"Feb 2019",Abstracts,netn,765
"Feb 2019",Abstracts,pres,655
"Feb 2019",Abstracts,ecal,344
"Feb 2019",Abstracts,cpsy,211
"Feb 2019",Abstracts,opmi,106
"Feb 2019",Abstracts,adev,71
"Feb 2019",Abstracts,pam,51
"Feb 2019",Abstracts,live,21
"Feb 2019",Abstracts,Other,2
"Feb 2019","Full-text PDF",rest,32596
"Feb 2019","Full-text PDF",isec,31324
"Feb 2019","Full-text PDF",jocn,18094
"Feb 2019","Full-text PDF",neco,14134
"Feb 2019","Full-text PDF",itgg,10538
"Feb 2019","Full-text PDF",desi,10260
"Feb 2019","Full-text PDF",daed,9575
"Feb 2019","Full-text PDF",coli,9021
"Feb 2019","Full-text PDF",leon,6784
"Feb 2019","Full-text PDF",glep,6769
"Feb 2019","Full-text PDF",octo,5920
"Feb 2019","Full-text PDF",pvar,5571
"Feb 2019","Full-text PDF",jcws,4655
"Feb 2019","Full-text PDF",jinh,4617
"Feb 2019","Full-text PDF",dram,3992
"Feb 2019","Full-text PDF",edfp,3838
"Feb 2019","Full-text PDF",grey,3484
"Feb 2019","Full-text PDF",comj,3473
"Feb 2019","Full-text PDF",ling,3207
"Feb 2019","Full-text PDF",tacl,2706
"Feb 2019","Full-text PDF",adev,2568
"Feb 2019","Full-text PDF",tneq,2487
"Feb 2019","Full-text PDF",isal,2452
"Feb 2019","Full-text PDF",afar,2438
"Feb 2019","Full-text PDF",posc,2246
"Feb 2019","Full-text PDF",pajj,2223
"Feb 2019","Full-text PDF",evco,2183
"Feb 2019","Full-text PDF",netn,2158
"Feb 2019","Full-text PDF",artl,1889
"Feb 2019","Full-text PDF",asep,1418
"Feb 2019","Full-text PDF",ajhe,1161
"Feb 2019","Full-text PDF",lmj,969
"Feb 2019","Full-text PDF",thld,865
"Feb 2019","Full-text PDF",artm,779
"Feb 2019","Full-text PDF",cpsy,580
"Feb 2019","Full-text PDF",opmi,278
"Feb 2019","Full-text PDF",ecal,157
"Feb 2019","Full-text PDF",pam,22
"Feb 2019","Full-text PDF",live,17
"Feb 2019","Full-text HTML",jocn,23245
"Feb 2019","Full-text HTML",isec,22675
"Feb 2019","Full-text HTML",neco,10024
"Feb 2019","Full-text HTML",daed,6550
"Feb 2019","Full-text HTML",coli,5508
"Feb 2019","Full-text HTML",edfp,4751
"Feb 2019","Full-text HTML",netn,4741
"Feb 2019","Full-text HTML",glep,3772
"Feb 2019","Full-text HTML",jcws,2801
"Feb 2019","Full-text HTML",ajhe,2263
"Feb 2019","Full-text HTML",jinh,2076
"Feb 2019","Full-text HTML",ling,1858
"Feb 2019","Full-text HTML",artl,1847
"Feb 2019","Full-text HTML",adev,1694
"Feb 2019","Full-text HTML",cpsy,1584
"Feb 2019","Full-text HTML",rest,1440
"Feb 2019","Full-text HTML",evco,1400
"Feb 2019","Full-text HTML",afar,1342
"Feb 2019","Full-text HTML",asep,1209
"Feb 2019","Full-text HTML",posc,1075
"Feb 2019","Full-text HTML",leon,617
"Feb 2019","Full-text HTML",opmi,542
"Feb 2019","Full-text HTML",dram,352
"Feb 2019","Full-text HTML",desi,337
"Feb 2019","Full-text HTML",octo,317
"Feb 2019","Full-text HTML",pvar,153
"Feb 2019","Full-text HTML",comj,139
"Feb 2019","Full-text HTML",grey,119
"Feb 2019","Full-text HTML",lmj,91
"Feb 2019","Full-text HTML",thld,89
"Feb 2019","Full-text HTML",tneq,74
"Feb 2019","Full-text HTML",pajj,73
"Feb 2019","Full-text HTML",artm,34
"Feb 2019","Full-text HTML",dint,30
"Feb 2019","Full-text HTML",isal,26
"Feb 2019","Full-text HTML",pres,24
"Feb 2019","Full-text HTML",pam,3
"Feb 2019","Full-text HTML",live,1
"Feb 2019","Full-text EPUB",isec,269
"Feb 2019","Full-text EPUB",daed,108
"Feb 2019","Full-text EPUB",afar,23
"Feb 2019","Full-text EPUB",netn,1
"Mar 2019",Abstracts,rest,201972
"Mar 2019",Abstracts,jocn,63650
"Mar 2019",Abstracts,neco,35861
"Mar 2019",Abstracts,isec,34409
"Mar 2019",Abstracts,desi,17787
"Mar 2019",Abstracts,pvar,17590
"Mar 2019",Abstracts,glep,15673
"Mar 2019",Abstracts,daed,14677
"Mar 2019",Abstracts,leon,12109
"Mar 2019",Abstracts,octo,10717
"Mar 2019",Abstracts,jinh,9529
"Mar 2019",Abstracts,jcws,9358
"Mar 2019",Abstracts,dram,8980
"Mar 2019",Abstracts,evco,6927
"Mar 2019",Abstracts,edfp,6659
"Mar 2019",Abstracts,ling,6588
"Mar 2019",Abstracts,comj,6526
"Mar 2019",Abstracts,grey,6352
"Mar 2019",Abstracts,artl,5225
"Mar 2019",Abstracts,coli,5174
"Mar 2019",Abstracts,afar,5086
"Mar 2019",Abstracts,tacl,4527
"Mar 2019",Abstracts,asep,3594
"Mar 2019",Abstracts,itgg,3475
"Mar 2019",Abstracts,ajhe,3457
"Mar 2019",Abstracts,tneq,3005
"Mar 2019",Abstracts,pajj,2827
"Mar 2019",Abstracts,posc,2720
"Mar 2019",Abstracts,lmj,2151
"Mar 2019",Abstracts,isal,1947
"Mar 2019",Abstracts,artm,1328
"Mar 2019",Abstracts,thld,1141
"Mar 2019",Abstracts,pres,855
"Mar 2019",Abstracts,netn,722
"Mar 2019",Abstracts,ecal,351
"Mar 2019",Abstracts,cpsy,195
"Mar 2019",Abstracts,adev,91
"Mar 2019",Abstracts,live,56
"Mar 2019",Abstracts,pam,53
"Mar 2019",Abstracts,opmi,52
"Mar 2019",Abstracts,Other,19
"Mar 2019","Full-text PDF",rest,47421
"Mar 2019","Full-text PDF",isec,34559
"Mar 2019","Full-text PDF",jocn,21758
"Mar 2019","Full-text PDF",neco,16803
"Mar 2019","Full-text PDF",desi,13236
"Mar 2019","Full-text PDF",itgg,12501
"Mar 2019","Full-text PDF",daed,11644
"Mar 2019","Full-text PDF",coli,10317
"Mar 2019","Full-text PDF",glep,8614
"Mar 2019","Full-text PDF",octo,7349
"Mar 2019","Full-text PDF",pvar,7287
"Mar 2019","Full-text PDF",leon,6001
"Mar 2019","Full-text PDF",jcws,5758
"Mar 2019","Full-text PDF",jinh,4701
"Mar 2019","Full-text PDF",dram,4618
"Mar 2019","Full-text PDF",grey,4534
"Mar 2019","Full-text PDF",edfp,4066
"Mar 2019","Full-text PDF",tacl,3862
"Mar 2019","Full-text PDF",comj,3754
"Mar 2019","Full-text PDF",ling,3622
"Mar 2019","Full-text PDF",adev,3464
"Mar 2019","Full-text PDF",isal,3156
"Mar 2019","Full-text PDF",evco,2937
"Mar 2019","Full-text PDF",afar,2921
"Mar 2019","Full-text PDF",tneq,2805
"Mar 2019","Full-text PDF",pajj,2474
"Mar 2019","Full-text PDF",posc,2313
"Mar 2019","Full-text PDF",artl,2306
"Mar 2019","Full-text PDF",asep,2088
"Mar 2019","Full-text PDF",netn,1791
"Mar 2019","Full-text PDF",lmj,1125
"Mar 2019","Full-text PDF",ajhe,1025
"Mar 2019","Full-text PDF",artm,924
"Mar 2019","Full-text PDF",thld,864
"Mar 2019","Full-text PDF",cpsy,464
"Mar 2019","Full-text PDF",opmi,352
"Mar 2019","Full-text PDF",ecal,153
"Mar 2019","Full-text PDF",dint,45
"Mar 2019","Full-text PDF",pam,43
"Mar 2019","Full-text PDF",live,33
"Mar 2019","Full-text HTML",jocn,31972
"Mar 2019","Full-text HTML",isec,18706
"Mar 2019","Full-text HTML",neco,14400
"Mar 2019","Full-text HTML",daed,8242
"Mar 2019","Full-text HTML",coli,6365
"Mar 2019","Full-text HTML",glep,6270
"Mar 2019","Full-text HTML",edfp,5385
"Mar 2019","Full-text HTML",jinh,3814
"Mar 2019","Full-text HTML",netn,3667
"Mar 2019","Full-text HTML",ling,2787
"Mar 2019","Full-text HTML",jcws,2625
"Mar 2019","Full-text HTML",artl,2306
"Mar 2019","Full-text HTML",rest,2208
"Mar 2019","Full-text HTML",adev,2158
"Mar 2019","Full-text HTML",evco,2112
"Mar 2019","Full-text HTML",ajhe,1979
"Mar 2019","Full-text HTML",cpsy,1649
"Mar 2019","Full-text HTML",afar,1236
"Mar 2019","Full-text HTML",asep,1100
"Mar 2019","Full-text HTML",posc,1059
"Mar 2019","Full-text HTML",opmi,686
"Mar 2019","Full-text HTML",leon,465
"Mar 2019","Full-text HTML",dram,459
"Mar 2019","Full-text HTML",octo,366
"Mar 2019","Full-text HTML",desi,308
"Mar 2019","Full-text HTML",pvar,205
"Mar 2019","Full-text HTML",grey,179
"Mar 2019","Full-text HTML",tneq,163
"Mar 2019","Full-text HTML",pajj,124
"Mar 2019","Full-text HTML",comj,117
"Mar 2019","Full-text HTML",dint,90
"Mar 2019","Full-text HTML",lmj,62
"Mar 2019","Full-text HTML",isal,54
"Mar 2019","Full-text HTML",itgg,38
"Mar 2019","Full-text HTML",artm,37
"Mar 2019","Full-text HTML",pres,27
"Mar 2019","Full-text HTML",thld,15
"Mar 2019","Full-text HTML",tacl,9
"Mar 2019","Full-text HTML",live,2
"Mar 2019","Full-text HTML",pam,1
"Mar 2019","Full-text EPUB",isec,198
"Mar 2019","Full-text EPUB",daed,75
"Mar 2019","Full-text EPUB",afar,23
"Mar 2019","Full-text EPUB",netn,1
"Apr 2019",Abstracts,rest,85151
"Apr 2019",Abstracts,jocn,59716
"Apr 2019",Abstracts,neco,38406
"Apr 2019",Abstracts,isec,33134
"Apr 2019",Abstracts,pvar,18602
"Apr 2019",Abstracts,desi,15867
"Apr 2019",Abstracts,glep,15800
"Apr 2019",Abstracts,daed,14614
"Apr 2019",Abstracts,leon,14515
"Apr 2019",Abstracts,jcws,11386
"Apr 2019",Abstracts,dram,8322
"Apr 2019",Abstracts,afar,7992
"Apr 2019",Abstracts,jinh,7851
"Apr 2019",Abstracts,comj,7199
"Apr 2019",Abstracts,octo,7172
"Apr 2019",Abstracts,ling,6993
"Apr 2019",Abstracts,evco,6540
"Apr 2019",Abstracts,edfp,6436
"Apr 2019",Abstracts,artl,6304
"Apr 2019",Abstracts,grey,6113
"Apr 2019",Abstracts,coli,4986
"Apr 2019",Abstracts,asep,4051
"Apr 2019",Abstracts,tacl,3670
"Apr 2019",Abstracts,ajhe,3390
"Apr 2019",Abstracts,posc,3353
"Apr 2019",Abstracts,itgg,3054
"Apr 2019",Abstracts,pajj,2392
"Apr 2019",Abstracts,tneq,2280
"Apr 2019",Abstracts,lmj,2101
"Apr 2019",Abstracts,artm,1859
"Apr 2019",Abstracts,isal,1698
"Apr 2019",Abstracts,netn,1358
"Apr 2019",Abstracts,thld,606
"Apr 2019",Abstracts,pres,164
"Apr 2019",Abstracts,cpsy,158
"Apr 2019",Abstracts,ecal,129
"Apr 2019",Abstracts,opmi,114
"Apr 2019",Abstracts,adev,75
"Apr 2019",Abstracts,pam,53
"Apr 2019",Abstracts,dint,47
"Apr 2019",Abstracts,Other,45
"Apr 2019","Full-text PDF",rest,44272
"Apr 2019","Full-text PDF",isec,30255
"Apr 2019","Full-text PDF",jocn,22244
"Apr 2019","Full-text PDF",neco,17814
"Apr 2019","Full-text PDF",itgg,13634
"Apr 2019","Full-text PDF",daed,12021
"Apr 2019","Full-text PDF",desi,11902
"Apr 2019","Full-text PDF",coli,11636
"Apr 2019","Full-text PDF",glep,8977
"Apr 2019","Full-text PDF",leon,8567
"Apr 2019","Full-text PDF",pvar,7414
"Apr 2019","Full-text PDF",jcws,7164
"Apr 2019","Full-text PDF",octo,6713
"Apr 2019","Full-text PDF",jinh,6288
"Apr 2019","Full-text PDF",afar,5593
"Apr 2019","Full-text PDF",tacl,4903
"Apr 2019","Full-text PDF",edfp,4887
"Apr 2019","Full-text PDF",dram,4561
"Apr 2019","Full-text PDF",comj,4059
"Apr 2019","Full-text PDF",ling,3850
"Apr 2019","Full-text PDF",grey,3825
"Apr 2019","Full-text PDF",artl,3610
"Apr 2019","Full-text PDF",adev,3591
"Apr 2019","Full-text PDF",isal,3060
"Apr 2019","Full-text PDF",evco,3053
"Apr 2019","Full-text PDF",asep,3028
"Apr 2019","Full-text PDF",posc,2648
"Apr 2019","Full-text PDF",tneq,2558
"Apr 2019","Full-text PDF",netn,2291
"Apr 2019","Full-text PDF",pajj,2210
"Apr 2019","Full-text PDF",ajhe,1359
"Apr 2019","Full-text PDF",artm,1273
"Apr 2019","Full-text PDF",lmj,1092
"Apr 2019","Full-text PDF",thld,1034
"Apr 2019","Full-text PDF",cpsy,508
"Apr 2019","Full-text PDF",opmi,349
"Apr 2019","Full-text PDF",dint,136
"Apr 2019","Full-text PDF",ecal,126
"Apr 2019","Full-text PDF",pam,45
"Apr 2019","Full-text PDF",live,43
"Apr 2019","Full-text HTML",jocn,25858
"Apr 2019","Full-text HTML",isec,19808
"Apr 2019","Full-text HTML",neco,13587
"Apr 2019","Full-text HTML",daed,7361
"Apr 2019","Full-text HTML",coli,6110
"Apr 2019","Full-text HTML",glep,5704
"Apr 2019","Full-text HTML",edfp,4803
"Apr 2019","Full-text HTML",tacl,4480
"Apr 2019","Full-text HTML",netn,4420
"Apr 2019","Full-text HTML",jcws,3832
"Apr 2019","Full-text HTML",ling,2949
"Apr 2019","Full-text HTML",artl,2870
"Apr 2019","Full-text HTML",ajhe,2190
"Apr 2019","Full-text HTML",evco,2117
"Apr 2019","Full-text HTML",jinh,1979
"Apr 2019","Full-text HTML",adev,1847
"Apr 2019","Full-text HTML",rest,1518
"Apr 2019","Full-text HTML",asep,1424
"Apr 2019","Full-text HTML",cpsy,1369
"Apr 2019","Full-text HTML",afar,1309
"Apr 2019","Full-text HTML",posc,1076
"Apr 2019","Full-text HTML",pvar,592
"Apr 2019","Full-text HTML",opmi,531
"Apr 2019","Full-text HTML",dint,506
"Apr 2019","Full-text HTML",leon,420
"Apr 2019","Full-text HTML",dram,310
"Apr 2019","Full-text HTML",desi,289
"Apr 2019","Full-text HTML",octo,274
"Apr 2019","Full-text HTML",grey,132
"Apr 2019","Full-text HTML",comj,118
"Apr 2019","Full-text HTML",pajj,78
"Apr 2019","Full-text HTML",lmj,64
"Apr 2019","Full-text HTML",tneq,43
"Apr 2019","Full-text HTML",artm,29
"Apr 2019","Full-text HTML",isal,23
"Apr 2019","Full-text HTML",thld,9
"Apr 2019","Full-text HTML",live,6
"Apr 2019","Full-text HTML",pres,6
"Apr 2019","Full-text HTML",pam,4
"Apr 2019","Full-text EPUB",isec,165
"Apr 2019","Full-text EPUB",daed,100
"Apr 2019","Full-text EPUB",afar,17
"May 2019",Abstracts,rest,76702
"May 2019",Abstracts,jocn,69127
"May 2019",Abstracts,neco,35406
"May 2019",Abstracts,isec,33592
"May 2019",Abstracts,pvar,15362
"May 2019",Abstracts,glep,13708
"May 2019",Abstracts,desi,13204
"May 2019",Abstracts,leon,12075
"May 2019",Abstracts,daed,11745
"May 2019",Abstracts,afar,9446
"May 2019",Abstracts,jcws,8728
"May 2019",Abstracts,dram,7363
"May 2019",Abstracts,comj,7078
"May 2019",Abstracts,ling,7004
"May 2019",Abstracts,octo,6370
"May 2019",Abstracts,jinh,6318
"May 2019",Abstracts,evco,5474
"May 2019",Abstracts,coli,4949
"May 2019",Abstracts,grey,4935
"May 2019",Abstracts,edfp,4666
"May 2019",Abstracts,artl,4445
"May 2019",Abstracts,asep,3910
"May 2019",Abstracts,tacl,3700
"May 2019",Abstracts,pajj,3212
"May 2019",Abstracts,posc,2961
"May 2019",Abstracts,ajhe,2817
"May 2019",Abstracts,itgg,2684
"May 2019",Abstracts,netn,2549
"May 2019",Abstracts,lmj,2336
"May 2019",Abstracts,isal,1908
"May 2019",Abstracts,tneq,1817
"May 2019",Abstracts,artm,1353
"May 2019",Abstracts,thld,853
"May 2019",Abstracts,opmi,146
"May 2019",Abstracts,cpsy,102
"May 2019",Abstracts,adev,79
"May 2019",Abstracts,pam,79
"May 2019",Abstracts,dint,29
"May 2019",Abstracts,live,28
"May 2019",Abstracts,ecal,6
"May 2019","Full-text PDF",rest,46134
"May 2019","Full-text PDF",isec,32120
"May 2019","Full-text PDF",jocn,21744
"May 2019","Full-text PDF",neco,18165
"May 2019","Full-text PDF",itgg,12322
"May 2019","Full-text PDF",desi,11406
"May 2019","Full-text PDF",coli,10763
"May 2019","Full-text PDF",daed,9297
"May 2019","Full-text PDF",leon,9239
"May 2019","Full-text PDF",glep,8537
"May 2019","Full-text PDF",pvar,7816
"May 2019","Full-text PDF",jcws,7677
"May 2019","Full-text PDF",jinh,6925
"May 2019","Full-text PDF",afar,6634
"May 2019","Full-text PDF",octo,6304
"May 2019","Full-text PDF",comj,5957
"May 2019","Full-text PDF",ling,5792
"May 2019","Full-text PDF",dram,5565
"May 2019","Full-text PDF",edfp,4973
"May 2019","Full-text PDF",tacl,4499
"May 2019","Full-text PDF",asep,4002
"May 2019","Full-text PDF",grey,3905
"May 2019","Full-text PDF",adev,3420
"May 2019","Full-text PDF",pajj,3222
"May 2019","Full-text PDF",isal,2816
"May 2019","Full-text PDF",evco,2762
"May 2019","Full-text PDF",netn,2752
"May 2019","Full-text PDF",tneq,2729
"May 2019","Full-text PDF",posc,2610
"May 2019","Full-text PDF",artl,2582
"May 2019","Full-text PDF",lmj,1954
"May 2019","Full-text PDF",ajhe,1598
"May 2019","Full-text PDF",thld,1242
"May 2019","Full-text PDF",artm,1160
"May 2019","Full-text PDF",opmi,328
"May 2019","Full-text PDF",cpsy,307
"May 2019","Full-text PDF",dint,167
"May 2019","Full-text PDF",ecal,101
"May 2019","Full-text PDF",pam,70
"May 2019","Full-text PDF",live,69
"May 2019","Full-text HTML",isec,30222
"May 2019","Full-text HTML",jocn,23839
"May 2019","Full-text HTML",neco,11294
"May 2019","Full-text HTML",coli,5633
"May 2019","Full-text HTML",daed,5275
"May 2019","Full-text HTML",glep,4570
"May 2019","Full-text HTML",rest,4505
"May 2019","Full-text HTML",netn,3939
"May 2019","Full-text HTML",edfp,3057
"May 2019","Full-text HTML",tacl,2557
"May 2019","Full-text HTML",jcws,2393
"May 2019","Full-text HTML",ling,2239
"May 2019","Full-text HTML",artl,1975
"May 2019","Full-text HTML",jinh,1727
"May 2019","Full-text HTML",adev,1642
"May 2019","Full-text HTML",ajhe,1618
"May 2019","Full-text HTML",evco,1597
"May 2019","Full-text HTML",asep,1539
"May 2019","Full-text HTML",posc,1127
"May 2019","Full-text HTML",afar,1064
"May 2019","Full-text HTML",cpsy,1011
"May 2019","Full-text HTML",opmi,950
"May 2019","Full-text HTML",dint,667
"May 2019","Full-text HTML",pvar,524
"May 2019","Full-text HTML",leon,306
"May 2019","Full-text HTML",dram,284
"May 2019","Full-text HTML",octo,245
"May 2019","Full-text HTML",desi,230
"May 2019","Full-text HTML",comj,160
"May 2019","Full-text HTML",grey,116
"May 2019","Full-text HTML",pajj,101
"May 2019","Full-text HTML",lmj,71
"May 2019","Full-text HTML",tneq,47
"May 2019","Full-text HTML",artm,17
"May 2019","Full-text HTML",isal,16
"May 2019","Full-text HTML",thld,15
"May 2019","Full-text EPUB",isec,194
"May 2019","Full-text EPUB",daed,82
"May 2019","Full-text EPUB",afar,31
"Jun 2019",Abstracts,rest,11374
"Jun 2019",Abstracts,jocn,8050
"Jun 2019",Abstracts,neco,5154
"Jun 2019",Abstracts,isec,3891
"Jun 2019",Abstracts,daed,2459
"Jun 2019",Abstracts,pvar,2398
"Jun 2019",Abstracts,desi,2357
"Jun 2019",Abstracts,glep,2209
"Jun 2019",Abstracts,leon,2145
"Jun 2019",Abstracts,comj,2002
"Jun 2019",Abstracts,jcws,1918
"Jun 2019",Abstracts,octo,1536
"Jun 2019",Abstracts,grey,1432
"Jun 2019",Abstracts,artl,1305
"Jun 2019",Abstracts,dram,1299
"Jun 2019",Abstracts,ling,1263
"Jun 2019",Abstracts,asep,1012
"Jun 2019",Abstracts,jinh,995
"Jun 2019",Abstracts,evco,968
"Jun 2019",Abstracts,edfp,841
"Jun 2019",Abstracts,afar,795
"Jun 2019",Abstracts,coli,674
"Jun 2019",Abstracts,tacl,657
"Jun 2019",Abstracts,ajhe,605
"Jun 2019",Abstracts,thld,542
"Jun 2019",Abstracts,pajj,511
"Jun 2019",Abstracts,itgg,477
"Jun 2019",Abstracts,posc,460
"Jun 2019",Abstracts,netn,421
"Jun 2019",Abstracts,lmj,356
"Jun 2019",Abstracts,isal,347
"Jun 2019",Abstracts,tneq,331
"Jun 2019",Abstracts,artm,180
"Jun 2019",Abstracts,cpsy,15
"Jun 2019",Abstracts,adev,9
"Jun 2019",Abstracts,live,8
"Jun 2019",Abstracts,dint,7
"Jun 2019",Abstracts,pam,5
"Jun 2019",Abstracts,opmi,4
"Jun 2019","Full-text PDF",rest,7683
"Jun 2019","Full-text PDF",jocn,4628
"Jun 2019","Full-text PDF",isec,3671
"Jun 2019","Full-text PDF",neco,3545
"Jun 2019","Full-text PDF",itgg,1890
"Jun 2019","Full-text PDF",desi,1872
"Jun 2019","Full-text PDF",coli,1620
"Jun 2019","Full-text PDF",leon,1591
"Jun 2019","Full-text PDF",daed,1452
"Jun 2019","Full-text PDF",glep,1269
"Jun 2019","Full-text PDF",jcws,1197
"Jun 2019","Full-text PDF",octo,1085
"Jun 2019","Full-text PDF",pvar,1077
"Jun 2019","Full-text PDF",edfp,866
"Jun 2019","Full-text PDF",tacl,838
"Jun 2019","Full-text PDF",dram,713
"Jun 2019","Full-text PDF",comj,697
"Jun 2019","Full-text PDF",isal,676
"Jun 2019","Full-text PDF",grey,671
"Jun 2019","Full-text PDF",ling,633
"Jun 2019","Full-text PDF",adev,567
"Jun 2019","Full-text PDF",jinh,548
"Jun 2019","Full-text PDF",thld,519
"Jun 2019","Full-text PDF",asep,479
"Jun 2019","Full-text PDF",artl,473
"Jun 2019","Full-text PDF",evco,465
"Jun 2019","Full-text PDF",netn,424
"Jun 2019","Full-text PDF",afar,380
"Jun 2019","Full-text PDF",posc,352
"Jun 2019","Full-text PDF",pajj,348
"Jun 2019","Full-text PDF",tneq,327
"Jun 2019","Full-text PDF",lmj,271
"Jun 2019","Full-text PDF",ajhe,264
"Jun 2019","Full-text PDF",artm,155
"Jun 2019","Full-text PDF",cpsy,57
"Jun 2019","Full-text PDF",opmi,46
"Jun 2019","Full-text PDF",dint,18
"Jun 2019","Full-text PDF",ecal,15
"Jun 2019","Full-text PDF",live,8
"Jun 2019","Full-text PDF",pam,7
"Jun 2019","Full-text HTML",jocn,3861
"Jun 2019","Full-text HTML",isec,2818
"Jun 2019","Full-text HTML",neco,2443
"Jun 2019","Full-text HTML",daed,1064
"Jun 2019","Full-text HTML",coli,825
"Jun 2019","Full-text HTML",glep,820
"Jun 2019","Full-text HTML",netn,812
"Jun 2019","Full-text HTML",jcws,671
"Jun 2019","Full-text HTML",edfp,609
"Jun 2019","Full-text HTML",artl,599
"Jun 2019","Full-text HTML",ajhe,509
"Jun 2019","Full-text HTML",tacl,462
"Jun 2019","Full-text HTML",rest,417
"Jun 2019","Full-text HTML",ling,403
"Jun 2019","Full-text HTML",evco,303
"Jun 2019","Full-text HTML",jinh,300
"Jun 2019","Full-text HTML",adev,251
"Jun 2019","Full-text HTML",afar,210
"Jun 2019","Full-text HTML",posc,203
"Jun 2019","Full-text HTML",asep,184
"Jun 2019","Full-text HTML",dint,144
"Jun 2019","Full-text HTML",opmi,127
"Jun 2019","Full-text HTML",cpsy,111
"Jun 2019","Full-text HTML",pvar,82
"Jun 2019","Full-text HTML",leon,66
"Jun 2019","Full-text HTML",octo,62
"Jun 2019","Full-text HTML",desi,50
"Jun 2019","Full-text HTML",dram,44
"Jun 2019","Full-text HTML",grey,42
"Jun 2019","Full-text HTML",comj,19
"Jun 2019","Full-text HTML",lmj,12
"Jun 2019","Full-text HTML",pajj,10
"Jun 2019","Full-text HTML",thld,10
"Jun 2019","Full-text HTML",tneq,7
"Jun 2019","Full-text HTML",isal,6
"Jun 2019","Full-text HTML",artm,3
"Jun 2019","Full-text HTML",pam,1
"Jun 2019","Full-text EPUB",daed,108
"Jun 2019","Full-text EPUB",isec,40
"Jun 2019","Full-text EPUB",afar,6
