"YEAR","MONTH","RESOURCE TYPE","RESOURCE ID","ISSN/ISBN","RESOURCE","RESOURCE URL","RESOURCE LAUNCH","AUTHOR","FORMAT","REQUESTS"
2018,3,"journal",3,"1536-0075","The American Journal of Bioethics","http://muse.jhu.edu/journal/3","2002-02-01",,"html",297
2018,3,"journal",3,"1536-0075","The American Journal of Bioethics","http://muse.jhu.edu/journal/3","2002-02-01",,"pdf",215
2018,3,"journal",34,"1531-5169","Computer Music Journal","http://muse.jhu.edu/journal/34","2001-03-01",,"html",667
2018,3,"journal",34,"1531-5169","Computer Music Journal","http://muse.jhu.edu/journal/34","2001-03-01",,"pdf",644
2018,3,"journal",43,"1531-3298","Journal of Cold War Studies","http://muse.jhu.edu/journal/43","1999-01-01",,"html",6189
2018,3,"journal",43,"1531-3298","Journal of Cold War Studies","http://muse.jhu.edu/journal/43","1999-01-01",,"pdf",3341
2018,3,"journal",83,"1531-5088","International Organization","http://muse.jhu.edu/journal/83","2002-02-01",,"html",200
2018,3,"journal",83,"1531-5088","International Organization","http://muse.jhu.edu/journal/83","2002-02-01",,"pdf",133
2018,3,"journal",84,"1531-4804","International Security","http://muse.jhu.edu/journal/84","2001-03-01",,"html",13470
2018,3,"journal",84,"1531-4804","International Security","http://muse.jhu.edu/journal/84","2001-03-01",,"pdf",16097
2018,3,"journal",94,"1530-9169","Journal of Interdisciplinary History","http://muse.jhu.edu/journal/94","1999-05-01",,"html",5372
2018,3,"journal",94,"1530-9169","Journal of Interdisciplinary History","http://muse.jhu.edu/journal/94","1999-05-01",,"pdf",2142
2018,3,"journal",116,"1530-9282","Leonardo","http://muse.jhu.edu/journal/116","2001-02-01",,"html",5699
2018,3,"journal",116,"1530-9282","Leonardo","http://muse.jhu.edu/journal/116","2001-02-01",,"pdf",5664
2018,3,"journal",117,"1530-9150","Linguistic Inquiry","http://muse.jhu.edu/journal/117","2000-10-01",,"html",859
2018,3,"journal",117,"1530-9150","Linguistic Inquiry","http://muse.jhu.edu/journal/117","2000-10-01",,"pdf",616
2018,3,"journal",119,"1531-4812","Leonardo Music Journal","http://muse.jhu.edu/journal/119","2000-12-01",,"html",828
2018,3,"journal",119,"1531-4812","Leonardo Music Journal","http://muse.jhu.edu/journal/119","2000-12-01",,"pdf",511
2018,3,"journal",149,"1537-9477","PAJ: A Journal of Performance and Art","http://muse.jhu.edu/journal/149","1996-01-01",,"html",2140
2018,3,"journal",149,"1537-9477","PAJ: A Journal of Performance and Art","http://muse.jhu.edu/journal/149","1996-01-01",,"pdf",1461
2018,3,"journal",163,"1530-9274","Perspectives on Science","http://muse.jhu.edu/journal/163","1998-04-01",,"html",810
2018,3,"journal",163,"1530-9274","Perspectives on Science","http://muse.jhu.edu/journal/163","1998-04-01",,"pdf",459
2018,3,"journal",165,"1531-328x","The Harvard International Journal of...","http://muse.jhu.edu/journal/165","1999-07-01",,"html",140
2018,3,"journal",165,"1531-328x","The Harvard International Journal of...","http://muse.jhu.edu/journal/165","1999-07-01",,"pdf",43
2018,3,"journal",193,"1531-4715","TDR: The Drama Review","http://muse.jhu.edu/journal/193","1999-08-01",,"html",3091
2018,3,"journal",193,"1531-4715","TDR: The Drama Review","http://muse.jhu.edu/journal/193","1999-08-01",,"pdf",1719
2018,3,"journal",209,"1530-9177","The Washington Quarterly","http://muse.jhu.edu/journal/209","1999-12-01",,"html",953
2018,3,"journal",209,"1530-9177","The Washington Quarterly","http://muse.jhu.edu/journal/209","1999-12-01",,"pdf",678
2018,3,"journal",219,"1536-0091","Global Environmental Politics","http://muse.jhu.edu/journal/219","2003-04-17",,"html",3982
2018,3,"journal",219,"1536-0091","Global Environmental Politics","http://muse.jhu.edu/journal/219","2003-04-17",,"pdf",2492
2018,3,"journal",554,"1558-2485","Innovations: Technology, Governance, Globalization","http://muse.jhu.edu/journal/554","2012-07-11",,"html",95
2018,3,"journal",554,"1558-2485","Innovations: Technology, Governance, Globalization","http://muse.jhu.edu/journal/554","2012-07-11",,"pdf",39
2018,3,"journal",675,"1937-2108","African Arts","http://muse.jhu.edu/journal/675","2016-05-04",,"html",430
2018,3,"journal",675,"1937-2108","African Arts","http://muse.jhu.edu/journal/675","2016-05-04",,"pdf",324
2018,4,"journal",3,"1536-0075","The American Journal of Bioethics","http://muse.jhu.edu/journal/3","2002-02-01",,"html",369
2018,4,"journal",3,"1536-0075","The American Journal of Bioethics","http://muse.jhu.edu/journal/3","2002-02-01",,"pdf",243
2018,4,"journal",34,"1531-5169","Computer Music Journal","http://muse.jhu.edu/journal/34","2001-03-01",,"html",583
2018,4,"journal",34,"1531-5169","Computer Music Journal","http://muse.jhu.edu/journal/34","2001-03-01",,"pdf",302
2018,4,"journal",43,"1531-3298","Journal of Cold War Studies","http://muse.jhu.edu/journal/43","1999-01-01",,"html",6284
2018,4,"journal",43,"1531-3298","Journal of Cold War Studies","http://muse.jhu.edu/journal/43","1999-01-01",,"pdf",3262
2018,4,"journal",83,"1531-5088","International Organization","http://muse.jhu.edu/journal/83","2002-02-01",,"html",227
2018,4,"journal",83,"1531-5088","International Organization","http://muse.jhu.edu/journal/83","2002-02-01",,"pdf",185
2018,4,"journal",84,"1531-4804","International Security","http://muse.jhu.edu/journal/84","2001-03-01",,"html",14052
2018,4,"journal",84,"1531-4804","International Security","http://muse.jhu.edu/journal/84","2001-03-01",,"pdf",16494
2018,4,"journal",94,"1530-9169","Journal of Interdisciplinary History","http://muse.jhu.edu/journal/94","1999-05-01",,"html",5486
2018,4,"journal",94,"1530-9169","Journal of Interdisciplinary History","http://muse.jhu.edu/journal/94","1999-05-01",,"pdf",2195
2018,4,"journal",116,"1530-9282","Leonardo","http://muse.jhu.edu/journal/116","2001-02-01",,"html",5432
2018,4,"journal",116,"1530-9282","Leonardo","http://muse.jhu.edu/journal/116","2001-02-01",,"pdf",6009
2018,4,"journal",117,"1530-9150","Linguistic Inquiry","http://muse.jhu.edu/journal/117","2000-10-01",,"html",901
2018,4,"journal",117,"1530-9150","Linguistic Inquiry","http://muse.jhu.edu/journal/117","2000-10-01",,"pdf",961
2018,4,"journal",119,"1531-4812","Leonardo Music Journal","http://muse.jhu.edu/journal/119","2000-12-01",,"html",688
2018,4,"journal",119,"1531-4812","Leonardo Music Journal","http://muse.jhu.edu/journal/119","2000-12-01",,"pdf",555
2018,4,"journal",149,"1537-9477","PAJ: A Journal of Performance and Art","http://muse.jhu.edu/journal/149","1996-01-01",,"html",2267
2018,4,"journal",149,"1537-9477","PAJ: A Journal of Performance and Art","http://muse.jhu.edu/journal/149","1996-01-01",,"pdf",1611
2018,4,"journal",163,"1530-9274","Perspectives on Science","http://muse.jhu.edu/journal/163","1998-04-01",,"html",1385
2018,4,"journal",163,"1530-9274","Perspectives on Science","http://muse.jhu.edu/journal/163","1998-04-01",,"pdf",1225
2018,4,"journal",165,"1531-328x","The Harvard International Journal of...","http://muse.jhu.edu/journal/165","1999-07-01",,"html",127
2018,4,"journal",165,"1531-328x","The Harvard International Journal of...","http://muse.jhu.edu/journal/165","1999-07-01",,"pdf",37
2018,4,"journal",193,"1531-4715","TDR: The Drama Review","http://muse.jhu.edu/journal/193","1999-08-01",,"html",2987
2018,4,"journal",193,"1531-4715","TDR: The Drama Review","http://muse.jhu.edu/journal/193","1999-08-01",,"pdf",1741
2018,4,"journal",209,"1530-9177","The Washington Quarterly","http://muse.jhu.edu/journal/209","1999-12-01",,"html",1193
2018,4,"journal",209,"1530-9177","The Washington Quarterly","http://muse.jhu.edu/journal/209","1999-12-01",,"pdf",804
2018,4,"journal",219,"1536-0091","Global Environmental Politics","http://muse.jhu.edu/journal/219","2003-04-17",,"html",4242
2018,4,"journal",219,"1536-0091","Global Environmental Politics","http://muse.jhu.edu/journal/219","2003-04-17",,"pdf",2902
2018,4,"journal",554,"1558-2485","Innovations: Technology, Governance, Globalization","http://muse.jhu.edu/journal/554","2012-07-11",,"html",103
2018,4,"journal",554,"1558-2485","Innovations: Technology, Governance, Globalization","http://muse.jhu.edu/journal/554","2012-07-11",,"pdf",34
2018,4,"journal",675,"1937-2108","African Arts","http://muse.jhu.edu/journal/675","2016-05-04",,"html",238
2018,4,"journal",675,"1937-2108","African Arts","http://muse.jhu.edu/journal/675","2016-05-04",,"pdf",143
2018,5,"journal",3,"1536-0075","The American Journal of Bioethics","http://muse.jhu.edu/journal/3","2002-02-01",,"html",295
2018,5,"journal",3,"1536-0075","The American Journal of Bioethics","http://muse.jhu.edu/journal/3","2002-02-01",,"pdf",189
2018,5,"journal",34,"1531-5169","Computer Music Journal","http://muse.jhu.edu/journal/34","2001-03-01",,"html",588
2018,5,"journal",34,"1531-5169","Computer Music Journal","http://muse.jhu.edu/journal/34","2001-03-01",,"pdf",369
2018,5,"journal",43,"1531-3298","Journal of Cold War Studies","http://muse.jhu.edu/journal/43","1999-01-01",,"html",4159
2018,5,"journal",43,"1531-3298","Journal of Cold War Studies","http://muse.jhu.edu/journal/43","1999-01-01",,"pdf",2571
2018,5,"journal",83,"1531-5088","International Organization","http://muse.jhu.edu/journal/83","2002-02-01",,"html",162
2018,5,"journal",83,"1531-5088","International Organization","http://muse.jhu.edu/journal/83","2002-02-01",,"pdf",116
2018,5,"journal",84,"1531-4804","International Security","http://muse.jhu.edu/journal/84","2001-03-01",,"html",13827
2018,5,"journal",84,"1531-4804","International Security","http://muse.jhu.edu/journal/84","2001-03-01",,"pdf",16408
2018,5,"journal",94,"1530-9169","Journal of Interdisciplinary History","http://muse.jhu.edu/journal/94","1999-05-01",,"html",3376
2018,5,"journal",94,"1530-9169","Journal of Interdisciplinary History","http://muse.jhu.edu/journal/94","1999-05-01",,"pdf",1500
2018,5,"journal",116,"1530-9282","Leonardo","http://muse.jhu.edu/journal/116","2001-02-01",,"html",3592
2018,5,"journal",116,"1530-9282","Leonardo","http://muse.jhu.edu/journal/116","2001-02-01",,"pdf",3927
2018,5,"journal",117,"1530-9150","Linguistic Inquiry","http://muse.jhu.edu/journal/117","2000-10-01",,"html",646
2018,5,"journal",117,"1530-9150","Linguistic Inquiry","http://muse.jhu.edu/journal/117","2000-10-01",,"pdf",952
2018,5,"journal",119,"1531-4812","Leonardo Music Journal","http://muse.jhu.edu/journal/119","2000-12-01",,"html",509
2018,5,"journal",119,"1531-4812","Leonardo Music Journal","http://muse.jhu.edu/journal/119","2000-12-01",,"pdf",425
2018,5,"journal",149,"1537-9477","PAJ: A Journal of Performance and Art","http://muse.jhu.edu/journal/149","1996-01-01",,"html",1476
2018,5,"journal",149,"1537-9477","PAJ: A Journal of Performance and Art","http://muse.jhu.edu/journal/149","1996-01-01",,"pdf",1136
2018,5,"journal",163,"1530-9274","Perspectives on Science","http://muse.jhu.edu/journal/163","1998-04-01",,"html",540
2018,5,"journal",163,"1530-9274","Perspectives on Science","http://muse.jhu.edu/journal/163","1998-04-01",,"pdf",401
2018,5,"journal",165,"1531-328x","The Harvard International Journal of...","http://muse.jhu.edu/journal/165","1999-07-01",,"html",80
2018,5,"journal",165,"1531-328x","The Harvard International Journal of...","http://muse.jhu.edu/journal/165","1999-07-01",,"pdf",38
2018,5,"journal",193,"1531-4715","TDR: The Drama Review","http://muse.jhu.edu/journal/193","1999-08-01",,"html",2421
2018,5,"journal",193,"1531-4715","TDR: The Drama Review","http://muse.jhu.edu/journal/193","1999-08-01",,"pdf",1508
2018,5,"journal",209,"1530-9177","The Washington Quarterly","http://muse.jhu.edu/journal/209","1999-12-01",,"html",698
2018,5,"journal",209,"1530-9177","The Washington Quarterly","http://muse.jhu.edu/journal/209","1999-12-01",,"pdf",499
2018,5,"journal",219,"1536-0091","Global Environmental Politics","http://muse.jhu.edu/journal/219","2003-04-17",,"html",2735
2018,5,"journal",219,"1536-0091","Global Environmental Politics","http://muse.jhu.edu/journal/219","2003-04-17",,"pdf",2186
2018,5,"journal",554,"1558-2485","Innovations: Technology, Governance, Globalization","http://muse.jhu.edu/journal/554","2012-07-11",,"html",55
2018,5,"journal",554,"1558-2485","Innovations: Technology, Governance, Globalization","http://muse.jhu.edu/journal/554","2012-07-11",,"pdf",25
2018,5,"journal",675,"1937-2108","African Arts","http://muse.jhu.edu/journal/675","2016-05-04",,"html",153
2018,5,"journal",675,"1937-2108","African Arts","http://muse.jhu.edu/journal/675","2016-05-04",,"pdf",91
2018,6,"journal",3,"1536-0075","The American Journal of Bioethics","http://muse.jhu.edu/journal/3","2002-02-01",,"html",344
2018,6,"journal",3,"1536-0075","The American Journal of Bioethics","http://muse.jhu.edu/journal/3","2002-02-01",,"pdf",218
2018,6,"journal",34,"1531-5169","Computer Music Journal","http://muse.jhu.edu/journal/34","2001-03-01",,"html",321
2018,6,"journal",34,"1531-5169","Computer Music Journal","http://muse.jhu.edu/journal/34","2001-03-01",,"pdf",275
2018,6,"journal",43,"1531-3298","Journal of Cold War Studies","http://muse.jhu.edu/journal/43","1999-01-01",,"html",2123
2018,6,"journal",43,"1531-3298","Journal of Cold War Studies","http://muse.jhu.edu/journal/43","1999-01-01",,"pdf",2735
2018,6,"journal",83,"1531-5088","International Organization","http://muse.jhu.edu/journal/83","2002-02-01",,"html",106
2018,6,"journal",83,"1531-5088","International Organization","http://muse.jhu.edu/journal/83","2002-02-01",,"pdf",56
2018,6,"journal",84,"1531-4804","International Security","http://muse.jhu.edu/journal/84","2001-03-01",,"html",8460
2018,6,"journal",84,"1531-4804","International Security","http://muse.jhu.edu/journal/84","2001-03-01",,"pdf",9721
2018,6,"journal",94,"1530-9169","Journal of Interdisciplinary History","http://muse.jhu.edu/journal/94","1999-05-01",,"html",2058
2018,6,"journal",94,"1530-9169","Journal of Interdisciplinary History","http://muse.jhu.edu/journal/94","1999-05-01",,"pdf",860
2018,6,"journal",116,"1530-9282","Leonardo","http://muse.jhu.edu/journal/116","2001-02-01",,"html",2229
2018,6,"journal",116,"1530-9282","Leonardo","http://muse.jhu.edu/journal/116","2001-02-01",,"pdf",2217
2018,6,"journal",117,"1530-9150","Linguistic Inquiry","http://muse.jhu.edu/journal/117","2000-10-01",,"html",413
2018,6,"journal",117,"1530-9150","Linguistic Inquiry","http://muse.jhu.edu/journal/117","2000-10-01",,"pdf",521
2018,6,"journal",119,"1531-4812","Leonardo Music Journal","http://muse.jhu.edu/journal/119","2000-12-01",,"html",262
2018,6,"journal",119,"1531-4812","Leonardo Music Journal","http://muse.jhu.edu/journal/119","2000-12-01",,"pdf",196
2018,6,"journal",149,"1537-9477","PAJ: A Journal of Performance and Art","http://muse.jhu.edu/journal/149","1996-01-01",,"html",837
2018,6,"journal",149,"1537-9477","PAJ: A Journal of Performance and Art","http://muse.jhu.edu/journal/149","1996-01-01",,"pdf",600
2018,6,"journal",163,"1530-9274","Perspectives on Science","http://muse.jhu.edu/journal/163","1998-04-01",,"html",373
2018,6,"journal",163,"1530-9274","Perspectives on Science","http://muse.jhu.edu/journal/163","1998-04-01",,"pdf",248
2018,6,"journal",165,"1531-328x","The Harvard International Journal of...","http://muse.jhu.edu/journal/165","1999-07-01",,"html",44
2018,6,"journal",165,"1531-328x","The Harvard International Journal of...","http://muse.jhu.edu/journal/165","1999-07-01",,"pdf",17
2018,6,"journal",193,"1531-4715","TDR: The Drama Review","http://muse.jhu.edu/journal/193","1999-08-01",,"html",1317
2018,6,"journal",193,"1531-4715","TDR: The Drama Review","http://muse.jhu.edu/journal/193","1999-08-01",,"pdf",975
2018,6,"journal",209,"1530-9177","The Washington Quarterly","http://muse.jhu.edu/journal/209","1999-12-01",,"html",438
2018,6,"journal",209,"1530-9177","The Washington Quarterly","http://muse.jhu.edu/journal/209","1999-12-01",,"pdf",229
2018,6,"journal",219,"1536-0091","Global Environmental Politics","http://muse.jhu.edu/journal/219","2003-04-17",,"html",1631
2018,6,"journal",219,"1536-0091","Global Environmental Politics","http://muse.jhu.edu/journal/219","2003-04-17",,"pdf",1137
2018,6,"journal",554,"1558-2485","Innovations: Technology, Governance, Globalization","http://muse.jhu.edu/journal/554","2012-07-11",,"html",49
2018,6,"journal",554,"1558-2485","Innovations: Technology, Governance, Globalization","http://muse.jhu.edu/journal/554","2012-07-11",,"pdf",33
2018,6,"journal",675,"1937-2108","African Arts","http://muse.jhu.edu/journal/675","2016-05-04",,"html",97
2018,6,"journal",675,"1937-2108","African Arts","http://muse.jhu.edu/journal/675","2016-05-04",,"pdf",78
2018,7,"journal",3,"1536-0075","The American Journal of Bioethics","http://muse.jhu.edu/journal/3","2002-02-01",,"html",98
2018,7,"journal",3,"1536-0075","The American Journal of Bioethics","http://muse.jhu.edu/journal/3","2002-02-01",,"pdf",64
2018,7,"journal",34,"1531-5169","Computer Music Journal","http://muse.jhu.edu/journal/34","2001-03-01",,"html",228
2018,7,"journal",34,"1531-5169","Computer Music Journal","http://muse.jhu.edu/journal/34","2001-03-01",,"pdf",222
2018,7,"journal",43,"1531-3298","Journal of Cold War Studies","http://muse.jhu.edu/journal/43","1999-01-01",,"html",1326
2018,7,"journal",43,"1531-3298","Journal of Cold War Studies","http://muse.jhu.edu/journal/43","1999-01-01",,"pdf",996
2018,7,"journal",83,"1531-5088","International Organization","http://muse.jhu.edu/journal/83","2002-02-01",,"html",33
2018,7,"journal",83,"1531-5088","International Organization","http://muse.jhu.edu/journal/83","2002-02-01",,"pdf",22
2018,7,"journal",84,"1531-4804","International Security","http://muse.jhu.edu/journal/84","2001-03-01",,"html",9201
2018,7,"journal",84,"1531-4804","International Security","http://muse.jhu.edu/journal/84","2001-03-01",,"pdf",10905
2018,7,"journal",94,"1530-9169","Journal of Interdisciplinary History","http://muse.jhu.edu/journal/94","1999-05-01",,"html",1479
2018,7,"journal",94,"1530-9169","Journal of Interdisciplinary History","http://muse.jhu.edu/journal/94","1999-05-01",,"pdf",601
2018,7,"journal",116,"1530-9282","Leonardo","http://muse.jhu.edu/journal/116","2001-02-01",,"html",2254
2018,7,"journal",116,"1530-9282","Leonardo","http://muse.jhu.edu/journal/116","2001-02-01",,"pdf",2177
2018,7,"journal",117,"1530-9150","Linguistic Inquiry","http://muse.jhu.edu/journal/117","2000-10-01",,"html",361
2018,7,"journal",117,"1530-9150","Linguistic Inquiry","http://muse.jhu.edu/journal/117","2000-10-01",,"pdf",551
2018,7,"journal",119,"1531-4812","Leonardo Music Journal","http://muse.jhu.edu/journal/119","2000-12-01",,"html",254
2018,7,"journal",119,"1531-4812","Leonardo Music Journal","http://muse.jhu.edu/journal/119","2000-12-01",,"pdf",160
2018,7,"journal",149,"1537-9477","PAJ: A Journal of Performance and Art","http://muse.jhu.edu/journal/149","1996-01-01",,"html",660
2018,7,"journal",149,"1537-9477","PAJ: A Journal of Performance and Art","http://muse.jhu.edu/journal/149","1996-01-01",,"pdf",472
2018,7,"journal",163,"1530-9274","Perspectives on Science","http://muse.jhu.edu/journal/163","1998-04-01",,"html",758
2018,7,"journal",163,"1530-9274","Perspectives on Science","http://muse.jhu.edu/journal/163","1998-04-01",,"pdf",632
2018,7,"journal",165,"1531-328x","The Harvard International Journal of...","http://muse.jhu.edu/journal/165","1999-07-01",,"html",43
2018,7,"journal",165,"1531-328x","The Harvard International Journal of...","http://muse.jhu.edu/journal/165","1999-07-01",,"pdf",17
2018,7,"journal",193,"1531-4715","TDR: The Drama Review","http://muse.jhu.edu/journal/193","1999-08-01",,"html",1135
2018,7,"journal",193,"1531-4715","TDR: The Drama Review","http://muse.jhu.edu/journal/193","1999-08-01",,"pdf",740
2018,7,"journal",209,"1530-9177","The Washington Quarterly","http://muse.jhu.edu/journal/209","1999-12-01",,"html",211
2018,7,"journal",209,"1530-9177","The Washington Quarterly","http://muse.jhu.edu/journal/209","1999-12-01",,"pdf",182
2018,7,"journal",219,"1536-0091","Global Environmental Politics","http://muse.jhu.edu/journal/219","2003-04-17",,"html",1108
2018,7,"journal",219,"1536-0091","Global Environmental Politics","http://muse.jhu.edu/journal/219","2003-04-17",,"pdf",1061
2018,7,"journal",554,"1558-2485","Innovations: Technology, Governance, Globalization","http://muse.jhu.edu/journal/554","2012-07-11",,"html",104
2018,7,"journal",554,"1558-2485","Innovations: Technology, Governance, Globalization","http://muse.jhu.edu/journal/554","2012-07-11",,"pdf",99
2018,7,"journal",675,"1937-2108","African Arts","http://muse.jhu.edu/journal/675","2016-05-04",,"html",60
2018,7,"journal",675,"1937-2108","African Arts","http://muse.jhu.edu/journal/675","2016-05-04",,"pdf",72
2018,8,"journal",3,"1536-0075","The American Journal of Bioethics","http://muse.jhu.edu/journal/3","2002-02-01",,"html",138
2018,8,"journal",3,"1536-0075","The American Journal of Bioethics","http://muse.jhu.edu/journal/3","2002-02-01",,"pdf",127
2018,8,"journal",34,"1531-5169","Computer Music Journal","http://muse.jhu.edu/journal/34","2001-03-01",,"html",263
2018,8,"journal",34,"1531-5169","Computer Music Journal","http://muse.jhu.edu/journal/34","2001-03-01",,"pdf",358
2018,8,"journal",43,"1531-3298","Journal of Cold War Studies","http://muse.jhu.edu/journal/43","1999-01-01",,"html",1851
2018,8,"journal",43,"1531-3298","Journal of Cold War Studies","http://muse.jhu.edu/journal/43","1999-01-01",,"pdf",992
2018,8,"journal",83,"1531-5088","International Organization","http://muse.jhu.edu/journal/83","2002-02-01",,"html",52
2018,8,"journal",83,"1531-5088","International Organization","http://muse.jhu.edu/journal/83","2002-02-01",,"pdf",38
2018,8,"journal",84,"1531-4804","International Security","http://muse.jhu.edu/journal/84","2001-03-01",,"html",8302
2018,8,"journal",84,"1531-4804","International Security","http://muse.jhu.edu/journal/84","2001-03-01",,"pdf",10064
2018,8,"journal",94,"1530-9169","Journal of Interdisciplinary History","http://muse.jhu.edu/journal/94","1999-05-01",,"html",1725
2018,8,"journal",94,"1530-9169","Journal of Interdisciplinary History","http://muse.jhu.edu/journal/94","1999-05-01",,"pdf",830
2018,8,"journal",116,"1530-9282","Leonardo","http://muse.jhu.edu/journal/116","2001-02-01",,"html",2571
2018,8,"journal",116,"1530-9282","Leonardo","http://muse.jhu.edu/journal/116","2001-02-01",,"pdf",2520
2018,8,"journal",117,"1530-9150","Linguistic Inquiry","http://muse.jhu.edu/journal/117","2000-10-01",,"html",263
2018,8,"journal",117,"1530-9150","Linguistic Inquiry","http://muse.jhu.edu/journal/117","2000-10-01",,"pdf",758
2018,8,"journal",119,"1531-4812","Leonardo Music Journal","http://muse.jhu.edu/journal/119","2000-12-01",,"html",271
2018,8,"journal",119,"1531-4812","Leonardo Music Journal","http://muse.jhu.edu/journal/119","2000-12-01",,"pdf",341
2018,8,"journal",149,"1537-9477","PAJ: A Journal of Performance and Art","http://muse.jhu.edu/journal/149","1996-01-01",,"html",916
2018,8,"journal",149,"1537-9477","PAJ: A Journal of Performance and Art","http://muse.jhu.edu/journal/149","1996-01-01",,"pdf",606
2018,8,"journal",163,"1530-9274","Perspectives on Science","http://muse.jhu.edu/journal/163","1998-04-01",,"html",278
2018,8,"journal",163,"1530-9274","Perspectives on Science","http://muse.jhu.edu/journal/163","1998-04-01",,"pdf",239
2018,8,"journal",165,"1531-328x","The Harvard International Journal of...","http://muse.jhu.edu/journal/165","1999-07-01",,"html",41
2018,8,"journal",165,"1531-328x","The Harvard International Journal of...","http://muse.jhu.edu/journal/165","1999-07-01",,"pdf",21
2018,8,"journal",193,"1531-4715","TDR: The Drama Review","http://muse.jhu.edu/journal/193","1999-08-01",,"html",1190
2018,8,"journal",193,"1531-4715","TDR: The Drama Review","http://muse.jhu.edu/journal/193","1999-08-01",,"pdf",884
2018,8,"journal",209,"1530-9177","The Washington Quarterly","http://muse.jhu.edu/journal/209","1999-12-01",,"html",266
2018,8,"journal",209,"1530-9177","The Washington Quarterly","http://muse.jhu.edu/journal/209","1999-12-01",,"pdf",263
2018,8,"journal",219,"1536-0091","Global Environmental Politics","http://muse.jhu.edu/journal/219","2003-04-17",,"html",1366
2018,8,"journal",219,"1536-0091","Global Environmental Politics","http://muse.jhu.edu/journal/219","2003-04-17",,"pdf",1134
2018,8,"journal",554,"1558-2485","Innovations: Technology, Governance, Globalization","http://muse.jhu.edu/journal/554","2012-07-11",,"html",36
2018,8,"journal",554,"1558-2485","Innovations: Technology, Governance, Globalization","http://muse.jhu.edu/journal/554","2012-07-11",,"pdf",22
2018,8,"journal",675,"1937-2108","African Arts","http://muse.jhu.edu/journal/675","2016-05-04",,"html",67
2018,8,"journal",675,"1937-2108","African Arts","http://muse.jhu.edu/journal/675","2016-05-04",,"pdf",47
2018,9,"journal",3,"1536-0075","The American Journal of Bioethics","http://muse.jhu.edu/journal/3","2002-02-01",,"html",264
2018,9,"journal",3,"1536-0075","The American Journal of Bioethics","http://muse.jhu.edu/journal/3","2002-02-01",,"pdf",166
2018,9,"journal",34,"1531-5169","Computer Music Journal","http://muse.jhu.edu/journal/34","2001-03-01",,"html",454
2018,9,"journal",34,"1531-5169","Computer Music Journal","http://muse.jhu.edu/journal/34","2001-03-01",,"pdf",257
2018,9,"journal",43,"1531-3298","Journal of Cold War Studies","http://muse.jhu.edu/journal/43","1999-01-01",,"html",2702
2018,9,"journal",43,"1531-3298","Journal of Cold War Studies","http://muse.jhu.edu/journal/43","1999-01-01",,"pdf",1241
2018,9,"journal",83,"1531-5088","International Organization","http://muse.jhu.edu/journal/83","2002-02-01",,"html",60
2018,9,"journal",83,"1531-5088","International Organization","http://muse.jhu.edu/journal/83","2002-02-01",,"pdf",47
2018,9,"journal",84,"1531-4804","International Security","http://muse.jhu.edu/journal/84","2001-03-01",,"html",15131
2018,9,"journal",84,"1531-4804","International Security","http://muse.jhu.edu/journal/84","2001-03-01",,"pdf",17695
2018,9,"journal",94,"1530-9169","Journal of Interdisciplinary History","http://muse.jhu.edu/journal/94","1999-05-01",,"html",3231
2018,9,"journal",94,"1530-9169","Journal of Interdisciplinary History","http://muse.jhu.edu/journal/94","1999-05-01",,"pdf",1422
2018,9,"journal",116,"1530-9282","Leonardo","http://muse.jhu.edu/journal/116","2001-02-01",,"html",3535
2018,9,"journal",116,"1530-9282","Leonardo","http://muse.jhu.edu/journal/116","2001-02-01",,"pdf",3505
2018,9,"journal",117,"1530-9150","Linguistic Inquiry","http://muse.jhu.edu/journal/117","2000-10-01",,"html",419
2018,9,"journal",117,"1530-9150","Linguistic Inquiry","http://muse.jhu.edu/journal/117","2000-10-01",,"pdf",1068
2018,9,"journal",119,"1531-4812","Leonardo Music Journal","http://muse.jhu.edu/journal/119","2000-12-01",,"html",500
2018,9,"journal",119,"1531-4812","Leonardo Music Journal","http://muse.jhu.edu/journal/119","2000-12-01",,"pdf",611
2018,9,"journal",149,"1537-9477","PAJ: A Journal of Performance and Art","http://muse.jhu.edu/journal/149","1996-01-01",,"html",1243
2018,9,"journal",149,"1537-9477","PAJ: A Journal of Performance and Art","http://muse.jhu.edu/journal/149","1996-01-01",,"pdf",1075
2018,9,"journal",163,"1530-9274","Perspectives on Science","http://muse.jhu.edu/journal/163","1998-04-01",,"html",409
2018,9,"journal",163,"1530-9274","Perspectives on Science","http://muse.jhu.edu/journal/163","1998-04-01",,"pdf",265
2018,9,"journal",165,"1531-328x","The Harvard International Journal of...","http://muse.jhu.edu/journal/165","1999-07-01",,"html",55
2018,9,"journal",165,"1531-328x","The Harvard International Journal of...","http://muse.jhu.edu/journal/165","1999-07-01",,"pdf",27
2018,9,"journal",193,"1531-4715","TDR: The Drama Review","http://muse.jhu.edu/journal/193","1999-08-01",,"html",1964
2018,9,"journal",193,"1531-4715","TDR: The Drama Review","http://muse.jhu.edu/journal/193","1999-08-01",,"pdf",1353
2018,9,"journal",209,"1530-9177","The Washington Quarterly","http://muse.jhu.edu/journal/209","1999-12-01",,"html",322
2018,9,"journal",209,"1530-9177","The Washington Quarterly","http://muse.jhu.edu/journal/209","1999-12-01",,"pdf",392
2018,9,"journal",219,"1536-0091","Global Environmental Politics","http://muse.jhu.edu/journal/219","2003-04-17",,"html",2549
2018,9,"journal",219,"1536-0091","Global Environmental Politics","http://muse.jhu.edu/journal/219","2003-04-17",,"pdf",1818
2018,9,"journal",554,"1558-2485","Innovations: Technology, Governance, Globalization","http://muse.jhu.edu/journal/554","2012-07-11",,"html",58
2018,9,"journal",554,"1558-2485","Innovations: Technology, Governance, Globalization","http://muse.jhu.edu/journal/554","2012-07-11",,"pdf",32
2018,9,"journal",675,"1937-2108","African Arts","http://muse.jhu.edu/journal/675","2016-05-04",,"html",126
2018,9,"journal",675,"1937-2108","African Arts","http://muse.jhu.edu/journal/675","2016-05-04",,"pdf",77
2018,10,"journal",3,"1536-0075","The American Journal of Bioethics","http://muse.jhu.edu/journal/3","2002-02-01",,"html",382
2018,10,"journal",3,"1536-0075","The American Journal of Bioethics","http://muse.jhu.edu/journal/3","2002-02-01",,"pdf",156
2018,10,"journal",34,"1531-5169","Computer Music Journal","http://muse.jhu.edu/journal/34","2001-03-01",,"html",670
2018,10,"journal",34,"1531-5169","Computer Music Journal","http://muse.jhu.edu/journal/34","2001-03-01",,"pdf",395
2018,10,"journal",43,"1531-3298","Journal of Cold War Studies","http://muse.jhu.edu/journal/43","1999-01-01",,"html",4868
2018,10,"journal",43,"1531-3298","Journal of Cold War Studies","http://muse.jhu.edu/journal/43","1999-01-01",,"pdf",3889
2018,10,"journal",83,"1531-5088","International Organization","http://muse.jhu.edu/journal/83","2002-02-01",,"html",265
2018,10,"journal",83,"1531-5088","International Organization","http://muse.jhu.edu/journal/83","2002-02-01",,"pdf",187
2018,10,"journal",84,"1531-4804","International Security","http://muse.jhu.edu/journal/84","2001-03-01",,"html",15508
2018,10,"journal",84,"1531-4804","International Security","http://muse.jhu.edu/journal/84","2001-03-01",,"pdf",19550
2018,10,"journal",94,"1530-9169","Journal of Interdisciplinary History","http://muse.jhu.edu/journal/94","1999-05-01",,"html",4465
2018,10,"journal",94,"1530-9169","Journal of Interdisciplinary History","http://muse.jhu.edu/journal/94","1999-05-01",,"pdf",1710
2018,10,"journal",116,"1530-9282","Leonardo","http://muse.jhu.edu/journal/116","2001-02-01",,"html",4181
2018,10,"journal",116,"1530-9282","Leonardo","http://muse.jhu.edu/journal/116","2001-02-01",,"pdf",4525
2018,10,"journal",117,"1530-9150","Linguistic Inquiry","http://muse.jhu.edu/journal/117","2000-10-01",,"html",605
2018,10,"journal",117,"1530-9150","Linguistic Inquiry","http://muse.jhu.edu/journal/117","2000-10-01",,"pdf",1228
2018,10,"journal",119,"1531-4812","Leonardo Music Journal","http://muse.jhu.edu/journal/119","2000-12-01",,"html",760
2018,10,"journal",119,"1531-4812","Leonardo Music Journal","http://muse.jhu.edu/journal/119","2000-12-01",,"pdf",463
2018,10,"journal",149,"1537-9477","PAJ: A Journal of Performance and Art","http://muse.jhu.edu/journal/149","1996-01-01",,"html",1658
2018,10,"journal",149,"1537-9477","PAJ: A Journal of Performance and Art","http://muse.jhu.edu/journal/149","1996-01-01",,"pdf",1191
2018,10,"journal",163,"1530-9274","Perspectives on Science","http://muse.jhu.edu/journal/163","1998-04-01",,"html",493
2018,10,"journal",163,"1530-9274","Perspectives on Science","http://muse.jhu.edu/journal/163","1998-04-01",,"pdf",339
2018,10,"journal",165,"1531-328x","The Harvard International Journal of...","http://muse.jhu.edu/journal/165","1999-07-01",,"html",93
2018,10,"journal",165,"1531-328x","The Harvard International Journal of...","http://muse.jhu.edu/journal/165","1999-07-01",,"pdf",21
2018,10,"journal",193,"1531-4715","TDR: The Drama Review","http://muse.jhu.edu/journal/193","1999-08-01",,"html",2910
2018,10,"journal",193,"1531-4715","TDR: The Drama Review","http://muse.jhu.edu/journal/193","1999-08-01",,"pdf",1569
2018,10,"journal",209,"1530-9177","The Washington Quarterly","http://muse.jhu.edu/journal/209","1999-12-01",,"html",736
2018,10,"journal",209,"1530-9177","The Washington Quarterly","http://muse.jhu.edu/journal/209","1999-12-01",,"pdf",449
2018,10,"journal",219,"1536-0091","Global Environmental Politics","http://muse.jhu.edu/journal/219","2003-04-17",,"html",3329
2018,10,"journal",219,"1536-0091","Global Environmental Politics","http://muse.jhu.edu/journal/219","2003-04-17",,"pdf",2401
2018,10,"journal",554,"1558-2485","Innovations: Technology, Governance, Globalization","http://muse.jhu.edu/journal/554","2012-07-11",,"html",100
2018,10,"journal",554,"1558-2485","Innovations: Technology, Governance, Globalization","http://muse.jhu.edu/journal/554","2012-07-11",,"pdf",33
2018,10,"journal",675,"1937-2108","African Arts","http://muse.jhu.edu/journal/675","2016-05-04",,"html",198
2018,10,"journal",675,"1937-2108","African Arts","http://muse.jhu.edu/journal/675","2016-05-04",,"pdf",173
2018,11,"journal",3,"1536-0075","The American Journal of Bioethics","http://muse.jhu.edu/journal/3","2002-02-01",,"html",299
2018,11,"journal",3,"1536-0075","The American Journal of Bioethics","http://muse.jhu.edu/journal/3","2002-02-01",,"pdf",179
2018,11,"journal",34,"1531-5169","Computer Music Journal","http://muse.jhu.edu/journal/34","2001-03-01",,"html",574
2018,11,"journal",34,"1531-5169","Computer Music Journal","http://muse.jhu.edu/journal/34","2001-03-01",,"pdf",405
2018,11,"journal",43,"1531-3298","Journal of Cold War Studies","http://muse.jhu.edu/journal/43","1999-01-01",,"html",4640
2018,11,"journal",43,"1531-3298","Journal of Cold War Studies","http://muse.jhu.edu/journal/43","1999-01-01",,"pdf",2105
2018,11,"journal",83,"1531-5088","International Organization","http://muse.jhu.edu/journal/83","2002-02-01",,"html",138
2018,11,"journal",83,"1531-5088","International Organization","http://muse.jhu.edu/journal/83","2002-02-01",,"pdf",86
2018,11,"journal",84,"1531-4804","International Security","http://muse.jhu.edu/journal/84","2001-03-01",,"html",8535
2018,11,"journal",84,"1531-4804","International Security","http://muse.jhu.edu/journal/84","2001-03-01",,"pdf",21376
2018,11,"journal",94,"1530-9169","Journal of Interdisciplinary History","http://muse.jhu.edu/journal/94","1999-05-01",,"html",4500
2018,11,"journal",94,"1530-9169","Journal of Interdisciplinary History","http://muse.jhu.edu/journal/94","1999-05-01",,"pdf",1690
2018,11,"journal",116,"1530-9282","Leonardo","http://muse.jhu.edu/journal/116","2001-02-01",,"html",2962
2018,11,"journal",116,"1530-9282","Leonardo","http://muse.jhu.edu/journal/116","2001-02-01",,"pdf",4498
2018,11,"journal",117,"1530-9150","Linguistic Inquiry","http://muse.jhu.edu/journal/117","2000-10-01",,"html",753
2018,11,"journal",117,"1530-9150","Linguistic Inquiry","http://muse.jhu.edu/journal/117","2000-10-01",,"pdf",1100
2018,11,"journal",119,"1531-4812","Leonardo Music Journal","http://muse.jhu.edu/journal/119","2000-12-01",,"html",583
2018,11,"journal",119,"1531-4812","Leonardo Music Journal","http://muse.jhu.edu/journal/119","2000-12-01",,"pdf",366
2018,11,"journal",149,"1537-9477","PAJ: A Journal of Performance and Art","http://muse.jhu.edu/journal/149","1996-01-01",,"html",1553
2018,11,"journal",149,"1537-9477","PAJ: A Journal of Performance and Art","http://muse.jhu.edu/journal/149","1996-01-01",,"pdf",1277
2018,11,"journal",163,"1530-9274","Perspectives on Science","http://muse.jhu.edu/journal/163","1998-04-01",,"html",633
2018,11,"journal",163,"1530-9274","Perspectives on Science","http://muse.jhu.edu/journal/163","1998-04-01",,"pdf",458
2018,11,"journal",165,"1531-328x","The Harvard International Journal of...","http://muse.jhu.edu/journal/165","1999-07-01",,"html",111
2018,11,"journal",165,"1531-328x","The Harvard International Journal of...","http://muse.jhu.edu/journal/165","1999-07-01",,"pdf",32
2018,11,"journal",193,"1531-4715","TDR: The Drama Review","http://muse.jhu.edu/journal/193","1999-08-01",,"html",2980
2018,11,"journal",193,"1531-4715","TDR: The Drama Review","http://muse.jhu.edu/journal/193","1999-08-01",,"pdf",1638
2018,11,"journal",209,"1530-9177","The Washington Quarterly","http://muse.jhu.edu/journal/209","1999-12-01",,"html",868
2018,11,"journal",209,"1530-9177","The Washington Quarterly","http://muse.jhu.edu/journal/209","1999-12-01",,"pdf",582
2018,11,"journal",219,"1536-0091","Global Environmental Politics","http://muse.jhu.edu/journal/219","2003-04-17",,"html",2983
2018,11,"journal",219,"1536-0091","Global Environmental Politics","http://muse.jhu.edu/journal/219","2003-04-17",,"pdf",2198
2018,11,"journal",554,"1558-2485","Innovations: Technology, Governance, Globalization","http://muse.jhu.edu/journal/554","2012-07-11",,"html",74
2018,11,"journal",554,"1558-2485","Innovations: Technology, Governance, Globalization","http://muse.jhu.edu/journal/554","2012-07-11",,"pdf",26
2018,11,"journal",675,"1937-2108","African Arts","http://muse.jhu.edu/journal/675","2016-05-04",,"html",288
2018,11,"journal",675,"1937-2108","African Arts","http://muse.jhu.edu/journal/675","2016-05-04",,"pdf",163
2018,12,"journal",3,"1536-0075","The American Journal of Bioethics","http://muse.jhu.edu/journal/3","2002-02-01",,"html",165
2018,12,"journal",3,"1536-0075","The American Journal of Bioethics","http://muse.jhu.edu/journal/3","2002-02-01",,"pdf",133
2018,12,"journal",34,"1531-5169","Computer Music Journal","http://muse.jhu.edu/journal/34","2001-03-01",,"html",320
2018,12,"journal",34,"1531-5169","Computer Music Journal","http://muse.jhu.edu/journal/34","2001-03-01",,"pdf",233
2018,12,"journal",43,"1531-3298","Journal of Cold War Studies","http://muse.jhu.edu/journal/43","1999-01-01",,"html",2990
2018,12,"journal",43,"1531-3298","Journal of Cold War Studies","http://muse.jhu.edu/journal/43","1999-01-01",,"pdf",1378
2018,12,"journal",83,"1531-5088","International Organization","http://muse.jhu.edu/journal/83","2002-02-01",,"html",83
2018,12,"journal",83,"1531-5088","International Organization","http://muse.jhu.edu/journal/83","2002-02-01",,"pdf",45
2018,12,"journal",84,"1531-4804","International Security","http://muse.jhu.edu/journal/84","2001-03-01",,"html",5381
2018,12,"journal",84,"1531-4804","International Security","http://muse.jhu.edu/journal/84","2001-03-01",,"pdf",11679
2018,12,"journal",94,"1530-9169","Journal of Interdisciplinary History","http://muse.jhu.edu/journal/94","1999-05-01",,"html",2860
2018,12,"journal",94,"1530-9169","Journal of Interdisciplinary History","http://muse.jhu.edu/journal/94","1999-05-01",,"pdf",1220
2018,12,"journal",116,"1530-9282","Leonardo","http://muse.jhu.edu/journal/116","2001-02-01",,"html",2123
2018,12,"journal",116,"1530-9282","Leonardo","http://muse.jhu.edu/journal/116","2001-02-01",,"pdf",2979
2018,12,"journal",117,"1530-9150","Linguistic Inquiry","http://muse.jhu.edu/journal/117","2000-10-01",,"html",448
2018,12,"journal",117,"1530-9150","Linguistic Inquiry","http://muse.jhu.edu/journal/117","2000-10-01",,"pdf",641
2018,12,"journal",119,"1531-4812","Leonardo Music Journal","http://muse.jhu.edu/journal/119","2000-12-01",,"html",305
2018,12,"journal",119,"1531-4812","Leonardo Music Journal","http://muse.jhu.edu/journal/119","2000-12-01",,"pdf",279
2018,12,"journal",149,"1537-9477","PAJ: A Journal of Performance and Art","http://muse.jhu.edu/journal/149","1996-01-01",,"html",1008
2018,12,"journal",149,"1537-9477","PAJ: A Journal of Performance and Art","http://muse.jhu.edu/journal/149","1996-01-01",,"pdf",1256
2018,12,"journal",163,"1530-9274","Perspectives on Science","http://muse.jhu.edu/journal/163","1998-04-01",,"html",484
2018,12,"journal",163,"1530-9274","Perspectives on Science","http://muse.jhu.edu/journal/163","1998-04-01",,"pdf",333
2018,12,"journal",165,"1531-328x","The Harvard International Journal of...","http://muse.jhu.edu/journal/165","1999-07-01",,"html",66
2018,12,"journal",165,"1531-328x","The Harvard International Journal of...","http://muse.jhu.edu/journal/165","1999-07-01",,"pdf",15
2018,12,"journal",193,"1531-4715","TDR: The Drama Review","http://muse.jhu.edu/journal/193","1999-08-01",,"html",1959
2018,12,"journal",193,"1531-4715","TDR: The Drama Review","http://muse.jhu.edu/journal/193","1999-08-01",,"pdf",1147
2018,12,"journal",209,"1530-9177","The Washington Quarterly","http://muse.jhu.edu/journal/209","1999-12-01",,"html",450
2018,12,"journal",209,"1530-9177","The Washington Quarterly","http://muse.jhu.edu/journal/209","1999-12-01",,"pdf",371
2018,12,"journal",219,"1536-0091","Global Environmental Politics","http://muse.jhu.edu/journal/219","2003-04-17",,"html",1982
2018,12,"journal",219,"1536-0091","Global Environmental Politics","http://muse.jhu.edu/journal/219","2003-04-17",,"pdf",1717
2018,12,"journal",554,"1558-2485","Innovations: Technology, Governance, Globalization","http://muse.jhu.edu/journal/554","2012-07-11",,"html",31
2018,12,"journal",554,"1558-2485","Innovations: Technology, Governance, Globalization","http://muse.jhu.edu/journal/554","2012-07-11",,"pdf",13
2018,12,"journal",675,"1937-2108","African Arts","http://muse.jhu.edu/journal/675","2016-05-04",,"html",147
2018,12,"journal",675,"1937-2108","African Arts","http://muse.jhu.edu/journal/675","2016-05-04",,"pdf",109
2019,1,"journal",3,"1536-0075","The American Journal of Bioethics","http://muse.jhu.edu/journal/3","2002-02-01",,"html",252
2019,1,"journal",3,"1536-0075","The American Journal of Bioethics","http://muse.jhu.edu/journal/3","2002-02-01",,"pdf",131
2019,1,"journal",34,"1531-5169","Computer Music Journal","http://muse.jhu.edu/journal/34","2001-03-01",,"html",627
2019,1,"journal",34,"1531-5169","Computer Music Journal","http://muse.jhu.edu/journal/34","2001-03-01",,"pdf",398
2019,1,"journal",43,"1531-3298","Journal of Cold War Studies","http://muse.jhu.edu/journal/43","1999-01-01",,"html",2595
2019,1,"journal",43,"1531-3298","Journal of Cold War Studies","http://muse.jhu.edu/journal/43","1999-01-01",,"pdf",1441
2019,1,"journal",83,"1531-5088","International Organization","http://muse.jhu.edu/journal/83","2002-02-01",,"html",88
2019,1,"journal",83,"1531-5088","International Organization","http://muse.jhu.edu/journal/83","2002-02-01",,"pdf",55
2019,1,"journal",84,"1531-4804","International Security","http://muse.jhu.edu/journal/84","2001-03-01",,"html",4904
2019,1,"journal",84,"1531-4804","International Security","http://muse.jhu.edu/journal/84","2001-03-01",,"pdf",15014
2019,1,"journal",94,"1530-9169","Journal of Interdisciplinary History","http://muse.jhu.edu/journal/94","1999-05-01",,"html",2814
2019,1,"journal",94,"1530-9169","Journal of Interdisciplinary History","http://muse.jhu.edu/journal/94","1999-05-01",,"pdf",1198
2019,1,"journal",116,"1530-9282","Leonardo","http://muse.jhu.edu/journal/116","2001-02-01",,"html",2131
2019,1,"journal",116,"1530-9282","Leonardo","http://muse.jhu.edu/journal/116","2001-02-01",,"pdf",3438
2019,1,"journal",117,"1530-9150","Linguistic Inquiry","http://muse.jhu.edu/journal/117","2000-10-01",,"html",416
2019,1,"journal",117,"1530-9150","Linguistic Inquiry","http://muse.jhu.edu/journal/117","2000-10-01",,"pdf",571
2019,1,"journal",119,"1531-4812","Leonardo Music Journal","http://muse.jhu.edu/journal/119","2000-12-01",,"html",496
2019,1,"journal",119,"1531-4812","Leonardo Music Journal","http://muse.jhu.edu/journal/119","2000-12-01",,"pdf",552
2019,1,"journal",149,"1537-9477","PAJ: A Journal of Performance and Art","http://muse.jhu.edu/journal/149","1996-01-01",,"html",919
2019,1,"journal",149,"1537-9477","PAJ: A Journal of Performance and Art","http://muse.jhu.edu/journal/149","1996-01-01",,"pdf",1693
2019,1,"journal",163,"1530-9274","Perspectives on Science","http://muse.jhu.edu/journal/163","1998-04-01",,"html",387
2019,1,"journal",163,"1530-9274","Perspectives on Science","http://muse.jhu.edu/journal/163","1998-04-01",,"pdf",307
2019,1,"journal",165,"1531-328x","The Harvard International Journal of...","http://muse.jhu.edu/journal/165","1999-07-01",,"html",71
2019,1,"journal",165,"1531-328x","The Harvard International Journal of...","http://muse.jhu.edu/journal/165","1999-07-01",,"pdf",5
2019,1,"journal",193,"1531-4715","TDR: The Drama Review","http://muse.jhu.edu/journal/193","1999-08-01",,"html",2093
2019,1,"journal",193,"1531-4715","TDR: The Drama Review","http://muse.jhu.edu/journal/193","1999-08-01",,"pdf",1193
2019,1,"journal",209,"1530-9177","The Washington Quarterly","http://muse.jhu.edu/journal/209","1999-12-01",,"html",426
2019,1,"journal",209,"1530-9177","The Washington Quarterly","http://muse.jhu.edu/journal/209","1999-12-01",,"pdf",365
2019,1,"journal",219,"1536-0091","Global Environmental Politics","http://muse.jhu.edu/journal/219","2003-04-17",,"html",2350
2019,1,"journal",219,"1536-0091","Global Environmental Politics","http://muse.jhu.edu/journal/219","2003-04-17",,"pdf",2059
2019,1,"journal",554,"1558-2485","Innovations: Technology, Governance, Globalization","http://muse.jhu.edu/journal/554","2012-07-11",,"html",34
2019,1,"journal",554,"1558-2485","Innovations: Technology, Governance, Globalization","http://muse.jhu.edu/journal/554","2012-07-11",,"pdf",10
2019,1,"journal",675,"1937-2108","African Arts","http://muse.jhu.edu/journal/675","2016-05-04",,"html",198
2019,1,"journal",675,"1937-2108","African Arts","http://muse.jhu.edu/journal/675","2016-05-04",,"pdf",118
"YEAR","MONTH","RESOURCE TYPE","RESOURCE ID","ISSN/ISBN","RESOURCE","RESOURCE URL","RESOURCE LAUNCH","AUTHOR","FORMAT","REQUESTS"
2019,2,"journal",3,"1536-0075","The American Journal of Bioethics","http://muse.jhu.edu/journal/3","2002-02-01",,"html",243
2019,2,"journal",3,"1536-0075","The American Journal of Bioethics","http://muse.jhu.edu/journal/3","2002-02-01",,"pdf",129
2019,2,"journal",34,"1531-5169","Computer Music Journal","http://muse.jhu.edu/journal/34","2001-03-01",,"html",398
2019,2,"journal",34,"1531-5169","Computer Music Journal","http://muse.jhu.edu/journal/34","2001-03-01",,"pdf",411
2019,2,"journal",43,"1531-3298","Journal of Cold War Studies","http://muse.jhu.edu/journal/43","1999-01-01",,"html",5409
2019,2,"journal",43,"1531-3298","Journal of Cold War Studies","http://muse.jhu.edu/journal/43","1999-01-01",,"pdf",3612
2019,2,"journal",83,"1531-5088","International Organization","http://muse.jhu.edu/journal/83","2002-02-01",,"html",132
2019,2,"journal",83,"1531-5088","International Organization","http://muse.jhu.edu/journal/83","2002-02-01",,"pdf",120
2019,2,"journal",84,"1531-4804","International Security","http://muse.jhu.edu/journal/84","2001-03-01",,"html",6034
2019,2,"journal",84,"1531-4804","International Security","http://muse.jhu.edu/journal/84","2001-03-01",,"pdf",14905
2019,2,"journal",94,"1530-9169","Journal of Interdisciplinary History","http://muse.jhu.edu/journal/94","1999-05-01",,"html",3591
2019,2,"journal",94,"1530-9169","Journal of Interdisciplinary History","http://muse.jhu.edu/journal/94","1999-05-01",,"pdf",1577
2019,2,"journal",116,"1530-9282","Leonardo","http://muse.jhu.edu/journal/116","2001-02-01",,"html",2769
2019,2,"journal",116,"1530-9282","Leonardo","http://muse.jhu.edu/journal/116","2001-02-01",,"pdf",3984
2019,2,"journal",117,"1530-9150","Linguistic Inquiry","http://muse.jhu.edu/journal/117","2000-10-01",,"html",473
2019,2,"journal",117,"1530-9150","Linguistic Inquiry","http://muse.jhu.edu/journal/117","2000-10-01",,"pdf",885
2019,2,"journal",119,"1531-4812","Leonardo Music Journal","http://muse.jhu.edu/journal/119","2000-12-01",,"html",431
2019,2,"journal",119,"1531-4812","Leonardo Music Journal","http://muse.jhu.edu/journal/119","2000-12-01",,"pdf",372
2019,2,"journal",149,"1537-9477","PAJ: A Journal of Performance and Art","http://muse.jhu.edu/journal/149","1996-01-01",,"html",1191
2019,2,"journal",149,"1537-9477","PAJ: A Journal of Performance and Art","http://muse.jhu.edu/journal/149","1996-01-01",,"pdf",1473
2019,2,"journal",163,"1530-9274","Perspectives on Science","http://muse.jhu.edu/journal/163","1998-04-01",,"html",957
2019,2,"journal",163,"1530-9274","Perspectives on Science","http://muse.jhu.edu/journal/163","1998-04-01",,"pdf",476
2019,2,"journal",165,"1531-328x","The Harvard International Journal of...","http://muse.jhu.edu/journal/165","1999-07-01",,"html",67
2019,2,"journal",165,"1531-328x","The Harvard International Journal of...","http://muse.jhu.edu/journal/165","1999-07-01",,"pdf",25
2019,2,"journal",193,"1531-4715","TDR: The Drama Review","http://muse.jhu.edu/journal/193","1999-08-01",,"html",1892
2019,2,"journal",193,"1531-4715","TDR: The Drama Review","http://muse.jhu.edu/journal/193","1999-08-01",,"pdf",1059
2019,2,"journal",209,"1530-9177","The Washington Quarterly","http://muse.jhu.edu/journal/209","1999-12-01",,"html",571
2019,2,"journal",209,"1530-9177","The Washington Quarterly","http://muse.jhu.edu/journal/209","1999-12-01",,"pdf",304
2019,2,"journal",219,"1536-0091","Global Environmental Politics","http://muse.jhu.edu/journal/219","2003-04-17",,"html",2866
2019,2,"journal",219,"1536-0091","Global Environmental Politics","http://muse.jhu.edu/journal/219","2003-04-17",,"pdf",2308
2019,2,"journal",554,"1558-2485","Innovations: Technology, Governance, Globalization","http://muse.jhu.edu/journal/554","2012-07-11",,"html",51
2019,2,"journal",554,"1558-2485","Innovations: Technology, Governance, Globalization","http://muse.jhu.edu/journal/554","2012-07-11",,"pdf",32
2019,2,"journal",675,"1937-2108","African Arts","http://muse.jhu.edu/journal/675","2016-05-04",,"html",217
2019,2,"journal",675,"1937-2108","African Arts","http://muse.jhu.edu/journal/675","2016-05-04",,"pdf",106
2019,3,"journal",3,"1536-0075","The American Journal of Bioethics","http://muse.jhu.edu/journal/3","2002-02-01",,"html",221
2019,3,"journal",3,"1536-0075","The American Journal of Bioethics","http://muse.jhu.edu/journal/3","2002-02-01",,"pdf",123
2019,3,"journal",34,"1531-5169","Computer Music Journal","http://muse.jhu.edu/journal/34","2001-03-01",,"html",516
2019,3,"journal",34,"1531-5169","Computer Music Journal","http://muse.jhu.edu/journal/34","2001-03-01",,"pdf",310
2019,3,"journal",43,"1531-3298","Journal of Cold War Studies","http://muse.jhu.edu/journal/43","1999-01-01",,"html",5194
2019,3,"journal",43,"1531-3298","Journal of Cold War Studies","http://muse.jhu.edu/journal/43","1999-01-01",,"pdf",3199
2019,3,"journal",83,"1531-5088","International Organization","http://muse.jhu.edu/journal/83","2002-02-01",,"html",77
2019,3,"journal",83,"1531-5088","International Organization","http://muse.jhu.edu/journal/83","2002-02-01",,"pdf",129
2019,3,"journal",84,"1531-4804","International Security","http://muse.jhu.edu/journal/84","2001-03-01",,"html",8096
2019,3,"journal",84,"1531-4804","International Security","http://muse.jhu.edu/journal/84","2001-03-01",,"pdf",10862
2019,3,"journal",94,"1530-9169","Journal of Interdisciplinary History","http://muse.jhu.edu/journal/94","1999-05-01",,"html",3952
2019,3,"journal",94,"1530-9169","Journal of Interdisciplinary History","http://muse.jhu.edu/journal/94","1999-05-01",,"pdf",1509
2019,3,"journal",116,"1530-9282","Leonardo","http://muse.jhu.edu/journal/116","2001-02-01",,"html",3455
2019,3,"journal",116,"1530-9282","Leonardo","http://muse.jhu.edu/journal/116","2001-02-01",,"pdf",4491
2019,3,"journal",117,"1530-9150","Linguistic Inquiry","http://muse.jhu.edu/journal/117","2000-10-01",,"html",540
2019,3,"journal",117,"1530-9150","Linguistic Inquiry","http://muse.jhu.edu/journal/117","2000-10-01",,"pdf",615
2019,3,"journal",119,"1531-4812","Leonardo Music Journal","http://muse.jhu.edu/journal/119","2000-12-01",,"html",549
2019,3,"journal",119,"1531-4812","Leonardo Music Journal","http://muse.jhu.edu/journal/119","2000-12-01",,"pdf",463
2019,3,"journal",149,"1537-9477","PAJ: A Journal of Performance and Art","http://muse.jhu.edu/journal/149","1996-01-01",,"html",1729
2019,3,"journal",149,"1537-9477","PAJ: A Journal of Performance and Art","http://muse.jhu.edu/journal/149","1996-01-01",,"pdf",1554
2019,3,"journal",163,"1530-9274","Perspectives on Science","http://muse.jhu.edu/journal/163","1998-04-01",,"html",617
2019,3,"journal",163,"1530-9274","Perspectives on Science","http://muse.jhu.edu/journal/163","1998-04-01",,"pdf",484
2019,3,"journal",165,"1531-328x","The Harvard International Journal of...","http://muse.jhu.edu/journal/165","1999-07-01",,"html",107
2019,3,"journal",165,"1531-328x","The Harvard International Journal of...","http://muse.jhu.edu/journal/165","1999-07-01",,"pdf",20
2019,3,"journal",193,"1531-4715","TDR: The Drama Review","http://muse.jhu.edu/journal/193","1999-08-01",,"html",2631
2019,3,"journal",193,"1531-4715","TDR: The Drama Review","http://muse.jhu.edu/journal/193","1999-08-01",,"pdf",1681
2019,3,"journal",209,"1530-9177","The Washington Quarterly","http://muse.jhu.edu/journal/209","1999-12-01",,"html",596
2019,3,"journal",209,"1530-9177","The Washington Quarterly","http://muse.jhu.edu/journal/209","1999-12-01",,"pdf",524
2019,3,"journal",219,"1536-0091","Global Environmental Politics","http://muse.jhu.edu/journal/219","2003-04-17",,"html",3413
2019,3,"journal",219,"1536-0091","Global Environmental Politics","http://muse.jhu.edu/journal/219","2003-04-17",,"pdf",2707
2019,3,"journal",554,"1558-2485","Innovations: Technology, Governance, Globalization","http://muse.jhu.edu/journal/554","2012-07-11",,"html",102
2019,3,"journal",554,"1558-2485","Innovations: Technology, Governance, Globalization","http://muse.jhu.edu/journal/554","2012-07-11",,"pdf",44
2019,3,"journal",675,"1937-2108","African Arts","http://muse.jhu.edu/journal/675","2016-05-04",,"html",349
2019,3,"journal",675,"1937-2108","African Arts","http://muse.jhu.edu/journal/675","2016-05-04",,"pdf",188
2019,4,"journal",3,"1536-0075","The American Journal of Bioethics","http://muse.jhu.edu/journal/3","2002-02-01",,"html",585
2019,4,"journal",3,"1536-0075","The American Journal of Bioethics","http://muse.jhu.edu/journal/3","2002-02-01",,"pdf",298
2019,4,"journal",34,"1531-5169","Computer Music Journal","http://muse.jhu.edu/journal/34","2001-03-01",,"html",527
2019,4,"journal",34,"1531-5169","Computer Music Journal","http://muse.jhu.edu/journal/34","2001-03-01",,"pdf",338
2019,4,"journal",43,"1531-3298","Journal of Cold War Studies","http://muse.jhu.edu/journal/43","1999-01-01",,"html",4548
2019,4,"journal",43,"1531-3298","Journal of Cold War Studies","http://muse.jhu.edu/journal/43","1999-01-01",,"pdf",2499
2019,4,"journal",83,"1531-5088","International Organization","http://muse.jhu.edu/journal/83","2002-02-01",,"html",93
2019,4,"journal",83,"1531-5088","International Organization","http://muse.jhu.edu/journal/83","2002-02-01",,"pdf",126
2019,4,"journal",84,"1531-4804","International Security","http://muse.jhu.edu/journal/84","2001-03-01",,"html",6822
2019,4,"journal",84,"1531-4804","International Security","http://muse.jhu.edu/journal/84","2001-03-01",,"pdf",9297
2019,4,"journal",94,"1530-9169","Journal of Interdisciplinary History","http://muse.jhu.edu/journal/94","1999-05-01",,"html",3935
2019,4,"journal",94,"1530-9169","Journal of Interdisciplinary History","http://muse.jhu.edu/journal/94","1999-05-01",,"pdf",1662
2019,4,"journal",116,"1530-9282","Leonardo","http://muse.jhu.edu/journal/116","2001-02-01",,"html",3110
2019,4,"journal",116,"1530-9282","Leonardo","http://muse.jhu.edu/journal/116","2001-02-01",,"pdf",5941
2019,4,"journal",117,"1530-9150","Linguistic Inquiry","http://muse.jhu.edu/journal/117","2000-10-01",,"html",540
2019,4,"journal",117,"1530-9150","Linguistic Inquiry","http://muse.jhu.edu/journal/117","2000-10-01",,"pdf",602
2019,4,"journal",119,"1531-4812","Leonardo Music Journal","http://muse.jhu.edu/journal/119","2000-12-01",,"html",535
2019,4,"journal",119,"1531-4812","Leonardo Music Journal","http://muse.jhu.edu/journal/119","2000-12-01",,"pdf",416
2019,4,"journal",149,"1537-9477","PAJ: A Journal of Performance and Art","http://muse.jhu.edu/journal/149","1996-01-01",,"html",1820
2019,4,"journal",149,"1537-9477","PAJ: A Journal of Performance and Art","http://muse.jhu.edu/journal/149","1996-01-01",,"pdf",1379
2019,4,"journal",163,"1530-9274","Perspectives on Science","http://muse.jhu.edu/journal/163","1998-04-01",,"html",732
2019,4,"journal",163,"1530-9274","Perspectives on Science","http://muse.jhu.edu/journal/163","1998-04-01",,"pdf",425
2019,4,"journal",165,"1531-328x","The Harvard International Journal of...","http://muse.jhu.edu/journal/165","1999-07-01",,"html",94
2019,4,"journal",165,"1531-328x","The Harvard International Journal of...","http://muse.jhu.edu/journal/165","1999-07-01",,"pdf",26
2019,4,"journal",193,"1531-4715","TDR: The Drama Review","http://muse.jhu.edu/journal/193","1999-08-01",,"html",2819
2019,4,"journal",193,"1531-4715","TDR: The Drama Review","http://muse.jhu.edu/journal/193","1999-08-01",,"pdf",1382
2019,4,"journal",209,"1530-9177","The Washington Quarterly","http://muse.jhu.edu/journal/209","1999-12-01",,"html",597
2019,4,"journal",209,"1530-9177","The Washington Quarterly","http://muse.jhu.edu/journal/209","1999-12-01",,"pdf",465
2019,4,"journal",219,"1536-0091","Global Environmental Politics","http://muse.jhu.edu/journal/219","2003-04-17",,"html",3042
2019,4,"journal",219,"1536-0091","Global Environmental Politics","http://muse.jhu.edu/journal/219","2003-04-17",,"pdf",2199
2019,4,"journal",554,"1558-2485","Innovations: Technology, Governance, Globalization","http://muse.jhu.edu/journal/554","2012-07-11",,"html",68
2019,4,"journal",554,"1558-2485","Innovations: Technology, Governance, Globalization","http://muse.jhu.edu/journal/554","2012-07-11",,"pdf",29
2019,4,"journal",675,"1937-2108","African Arts","http://muse.jhu.edu/journal/675","2016-05-04",,"html",323
2019,4,"journal",675,"1937-2108","African Arts","http://muse.jhu.edu/journal/675","2016-05-04",,"pdf",172